Tenure,MonthlyCharges,TotalCharges,HistoricalAvgMonthly,Log_TotalCharges,PaymentMethod_Bank Transfer,PaymentMethod_Credit Card,PaymentMethod_Electronic Check,PaperlessBilling_No,PaperlessBilling_Yes,Contract,Churn
1.0354647636942298,-0.4829147131514109,-0.16495768619147105,-0.3318466393942006,0.16739630755865056,0.0,0.0,1.0,1.0,0.0,2.0,0
1.4800292418455985,-1.8125681531932045,0.7283037465812118,-0.2957085578626735,0.7059685028338515,0.0,0.0,1.0,0.0,1.0,2.0,0
-0.545208936399526,-0.1938596174901514,1.1809369663734424,0.006040344041366851,0.9113564583752424,1.0,0.0,0.0,0.0,1.0,0.0,0
-0.9403773614229649,0.6154946503613752,-0.6078090485815119,-0.17566814767266448,-0.21683210482920307,1.0,0.0,0.0,0.0,1.0,0.0,0
-0.29822867075987664,-1.4464316986889425,1.5259697547415865,-0.023719776164899956,1.0484046896274068,0.0,1.0,0.0,1.0,0.0,1.0,0
1.0354647636942298,0.11446581788185871,-0.3001251702944554,-0.3408195432041561,0.061848907502737666,0.0,1.0,0.0,1.0,0.0,1.0,0
1.3812371355897388,-0.5985367514159147,-1.3423376135095717,-0.413791670743509,-1.329017197869578,0.0,0.0,1.0,1.0,0.0,0.0,0
-0.24883261763194678,0.6540353297828764,0.5624568006259053,-0.15261880740664333,0.6216236171656372,1.0,0.0,0.0,1.0,0.0,2.0,0
0.8872766043104402,-0.5985367514159147,-0.08270115803669438,-0.3199161764080377,0.22761297470709266,0.0,1.0,0.0,0.0,1.0,0.0,0
0.5415042324149311,-0.44437403372990963,0.7540922797324391,-0.23458288784054107,0.7185986581524964,1.0,0.0,0.0,0.0,1.0,2.0,0
-0.3476247238878065,1.405578578502151,-0.05202169618437227,-0.2119136758474563,0.24936639653293535,0.0,0.0,1.0,0.0,1.0,2.0,0
-1.5825260520860531,-0.425103694019159,-0.21875790190351416,0.8056408065743881,0.12642188639968785,0.0,1.0,0.0,0.0,1.0,0.0,1
-0.9403773614229649,1.405578578502151,-0.5931362624782274,-0.17254155773466878,-0.20207069775155376,0.0,0.0,1.0,1.0,0.0,0.0,0
0.49210817928700124,1.2706862005268966,-0.4077256017185416,-0.32524881278838325,-0.028871818374594696,0.0,1.0,0.0,1.0,0.0,1.0,0
1.2824450293338792,0.19154717672486124,0.8857027247800817,-0.2766101706379586,0.7811843552065124,1.0,0.0,0.0,1.0,0.0,0.0,0
-0.9403773614229649,0.8274683871796321,1.4508273046974933,0.2630018951430986,1.0197821099149034,0.0,0.0,1.0,0.0,1.0,2.0,0
1.1342568699500895,-1.2922689810029375,0.23787698682597574,-0.30976768943017985,0.4385014439691387,1.0,0.0,0.0,1.0,0.0,1.0,0
-0.1994365645040169,0.6925760092043777,1.1084622956208552,-0.09783686780079628,0.8806058907160726,1.0,0.0,0.0,1.0,0.0,0.0,0
-0.10064445824815717,-0.32875199546540584,-0.08403504768244752,-0.2486656414231659,0.22665873837892145,1.0,0.0,0.0,0.0,1.0,2.0,0
1.2824450293338792,-0.5021850528621615,1.0382107742778568,-0.2672883590296126,0.8500767069962991,0.0,0.0,1.0,0.0,1.0,1.0,0
0.9860687105662999,0.05665479874960681,0.5335558583012541,-0.2826792267249392,0.6063396796577643,0.0,1.0,0.0,1.0,0.0,2.0,0
0.2451279136473519,-1.2537283015814362,-1.7487293255823602,-0.4338534064364907,-3.1859866970491986,0.0,0.0,1.0,1.0,0.0,1.0,0
-0.5946049895274559,0.7889277077581308,-0.36948743187361843,-0.214220741748151,0.004108932953291871,1.0,0.0,0.0,1.0,0.0,1.0,0
-0.00185235199229744,0.8274683871796321,-0.38104780880347894,-0.2901386756320863,-0.005772706295740823,0.0,0.0,1.0,1.0,0.0,2.0,0
-0.8415852551671051,0.6925760092043777,-0.6807283492160167,-0.21648115282740912,-0.29282758680459303,0.0,1.0,0.0,1.0,0.0,1.0,0
0.7884844980545804,1.309226879948398,-0.08403504768244752,-0.31529359293658427,0.22665873837892145,0.0,0.0,1.0,0.0,1.0,2.0,0
1.0848608168221596,1.309226879948398,0.1747395435936607,-0.31159617631067865,0.3996230029646291,0.0,0.0,1.0,0.0,1.0,1.0,0
-1.0885655208067544,-1.157376603027683,0.5375575272385135,0.17043776630246443,0.6084668300286256,0.0,1.0,0.0,1.0,0.0,2.0,0
-0.29822867075987664,-1.0224842250524286,0.7447550522121671,-0.12060263228022537,0.7140400457034273,1.0,0.0,0.0,1.0,0.0,1.0,0
0.6402963386707908,0.6925760092043777,-0.30546072887746795,-0.32455986665789344,0.05749864492484543,0.0,0.0,1.0,0.0,1.0,1.0,0
-1.3355457864464038,1.559741296188156,0.27255811761555726,0.3740225729594184,0.4593653340809101,0.0,1.0,0.0,0.0,1.0,0.0,1
-0.29822867075987664,-0.07823757922564761,-0.7438657924483316,-0.30521492725695243,-0.3624811044777696,0.0,1.0,0.0,1.0,0.0,0.0,0
-1.7307142114698428,1.5212006167666547,0.5268864100724884,3.962042027240944,0.6027865572581713,0.0,0.0,1.0,0.0,1.0,0.0,1
0.29452396677528175,-0.579266411705164,0.8803671661970691,-0.19884729573088586,0.778705710676233,0.0,1.0,0.0,0.0,1.0,1.0,0
0.44271212615907135,-0.05896723951489698,1.1582608423956389,-0.19163054741658422,0.9018142605281158,0.0,0.0,1.0,1.0,0.0,2.0,0
1.0848608168221596,-0.8297808279449223,1.2631934945282188,-0.24056328483518014,0.9453854409312888,1.0,0.0,0.0,0.0,1.0,0.0,0
1.3812371355897388,0.8274683871796321,-0.22231494095885584,-0.347435282448586,0.12366605847818253,0.0,1.0,0.0,1.0,0.0,1.0,0
-0.5946049895274559,1.5019302770559042,1.4908439940700873,0.07163934112084704,1.0351045032157913,1.0,0.0,0.0,1.0,0.0,0.0,0
0.2451279136473519,-0.27094097633315395,-0.21164382379283078,-0.29303713376443513,0.13191581192676036,1.0,0.0,0.0,0.0,1.0,1.0,0
-1.5331299989581233,-0.0011562203826450818,-1.1271367506613992,0.026235319401324432,-0.8932964153711391,1.0,0.0,0.0,0.0,1.0,2.0,0
0.7884844980545804,-1.0417545647631792,-0.2583299613941905,-0.3279534005768669,0.0954240666286304,1.0,0.0,0.0,1.0,0.0,1.0,0
0.44271212615907135,1.6175523153204079,-0.08403504768244752,-0.29556536000473693,0.22665873837892145,0.0,0.0,1.0,0.0,1.0,0.0,0
-1.286149733318474,0.8660090666011333,0.2018619663906411,0.27565250651930245,0.4164691403399489,0.0,1.0,0.0,1.0,0.0,2.0,1
-0.7921892020391753,0.4806022723861207,-0.4628597070763379,-0.18749737147369266,-0.07797271098077642,0.0,0.0,1.0,1.0,0.0,1.0,0
-0.545208936399526,1.2899565402376472,-0.14672786103284485,-0.19015326531992366,0.18098801270951323,0.0,0.0,1.0,0.0,1.0,0.0,0
-0.39702077701573635,-0.44437403372990963,-1.0760043142408624,-0.33961404761520103,-0.8084200624761873,0.0,1.0,0.0,0.0,1.0,0.0,0
-0.3476247238878065,-0.29021131604390454,-0.22320420072269126,-0.2338482796760309,0.12297617373425603,0.0,1.0,0.0,1.0,0.0,2.0,0
-0.29822867075987664,-0.8683215073664236,-1.3143259309487558,-0.37596091723757996,-1.2631790799116909,0.0,1.0,0.0,1.0,0.0,0.0,0
0.34392001990321164,1.1743345019731435,-0.06358207311423278,-0.2869896165046654,0.24121278646836647,1.0,0.0,0.0,1.0,0.0,2.0,0
-0.15004051137608704,1.463389597634403,0.0035570390553416936,-0.2329945201028579,0.28785751341197735,1.0,0.0,0.0,0.0,1.0,1.0,0
0.8872766043104402,-1.36935033984594,1.4788389872583092,-0.21061156885891952,1.0305270069865442,0.0,0.0,1.0,1.0,0.0,2.0,0
-1.1379615739346844,1.3863082387914003,-0.8834795753704932,-0.17460646443560593,-0.531443345672572,0.0,0.0,1.0,0.0,1.0,2.0,0
-0.24883261763194678,1.0587124637086396,0.24943736375583625,-0.19022879478124607,0.4454939161670901,0.0,1.0,0.0,1.0,0.0,2.0,0
-0.8909813082950351,1.3863082387914003,0.2943449818295251,-0.0076076138946203796,0.4723003738105351,0.0,1.0,0.0,1.0,0.0,2.0,0
0.93667265743837,0.5384132915183726,1.0306520662852556,-0.2456064500641244,0.8467481260387107,1.0,0.0,0.0,0.0,1.0,1.0,0
1.4306331887176686,1.3284972196591485,-1.1907188237756319,-0.4054202621137728,-1.0073468154953658,0.0,0.0,1.0,0.0,1.0,0.0,0
0.7884844980545804,-1.6584054355071993,1.306322593074237,-0.21430579066320735,0.9628727000303609,0.0,0.0,1.0,1.0,0.0,0.0,0
0.39331607303114147,1.193604841683894,-0.4984300976297548,-0.3276855848353477,-0.11068013567231436,1.0,0.0,0.0,1.0,0.0,1.0,0
0.39331607303114147,-0.21312995720090203,-0.7429765326844963,-0.34859884347456516,-0.3614732917112541,0.0,0.0,1.0,1.0,0.0,0.0,0
-0.6933970957833155,1.3863082387914003,0.6207033151571255,-0.028893965712598592,0.65188313182693,0.0,0.0,1.0,1.0,0.0,0.0,0
0.195731860519422,-0.5214553925729122,-0.3339170413202015,-0.30080874003429015,0.0340442777872689,1.0,0.0,0.0,0.0,1.0,1.0,0
-0.15004051137608704,-0.4829147131514109,1.6446859332136157,-0.04737432402476867,1.0923601218447463,0.0,0.0,1.0,1.0,0.0,0.0,0
-0.051248405120227304,1.039442123997889,1.2849803587421869,-0.10784610519746593,0.9542490599433522,0.0,0.0,1.0,1.0,0.0,1.0,0
-0.15004051137608704,1.4441192579236524,1.4797282470221444,-0.06603189453275325,1.0308666425465596,1.0,0.0,0.0,1.0,0.0,1.0,0
1.5294252949735283,-0.425103694019159,-0.5055441757404382,-0.367783764087035,-0.11732308729756138,0.0,1.0,0.0,0.0,1.0,0.0,0
0.7390884449266506,-1.157376603027683,-0.7042937329576553,-0.3587166860323409,-0.31838391657638354,0.0,1.0,0.0,1.0,0.0,0.0,0
1.1342568699500895,-0.27094097633315395,-0.20942067438324222,-0.3384727897906845,0.1336278405997289,1.0,0.0,0.0,1.0,0.0,0.0,0
1.1836529230780193,0.24935819585711314,-0.49976398727550797,-0.35854753047305116,-0.11192306673942147,1.0,0.0,0.0,1.0,0.0,0.0,0
1.5294252949735283,-1.7547571340609527,-0.39838837419826967,-0.3617149268296457,-0.02073964310953709,1.0,0.0,0.0,1.0,0.0,1.0,0
0.5415042324149311,0.7118463489151283,-0.07558707992601099,-0.3011105288156751,0.2326902593921154,0.0,0.0,1.0,0.0,1.0,1.0,0
1.233048976205949,0.9816311048656371,0.8950399523003536,-0.27331515358278113,0.7855104709989057,0.0,0.0,1.0,0.0,1.0,2.0,0
-1.7801102645977727,-0.5599960719944134,1.3361127951627236,10.806000977191408,0.9748135681970518,1.0,0.0,0.0,0.0,1.0,2.0,0
0.93667265743837,-1.215187622159935,-0.06713911216957447,-0.3210798282740833,0.23869350173286238,0.0,0.0,1.0,0.0,1.0,1.0,0
0.93667265743837,-0.6178070911266653,-1.6228990689996476,-0.42803865790415463,-2.291621870789446,1.0,0.0,0.0,0.0,1.0,0.0,0
-0.1994365645040169,0.8660090666011333,-0.8434628859978991,-0.32527961236108366,-0.4806932661238107,1.0,0.0,0.0,1.0,0.0,1.0,0
1.5294252949735283,-0.9261325264986754,-1.0737811648312738,-0.39996622887933214,-0.8048544070008139,0.0,0.0,1.0,1.0,0.0,2.0,0
0.14633580739149216,0.2878988752786144,0.6224818346847963,-0.2052194197436188,0.6527959289097905,0.0,0.0,1.0,0.0,1.0,1.0,0
-1.1873576270626143,-0.9839435456309273,0.037793539963005496,0.11729108745674162,0.31100471171486627,1.0,0.0,0.0,0.0,1.0,0.0,0
-0.7921892020391753,1.1165234828408916,1.5290821639150105,0.17661138178237068,1.0495765511691328,1.0,0.0,0.0,0.0,1.0,2.0,0
-0.24883261763194678,0.6347649900721257,-0.749645980913262,-0.31027089937035446,-0.36905129402643255,0.0,0.0,1.0,1.0,0.0,2.0,0
-1.6813181583419128,-0.6948884499696678,-1.2952068460262942,0.27337496088069146,-1.2201102404049309,0.0,1.0,0.0,1.0,0.0,1.0,0
-0.3476247238878065,0.3457098944108663,-0.5259971503086529,-0.2726468906039772,-0.13661581994990007,0.0,1.0,0.0,0.0,1.0,0.0,0
-0.5946049895274559,1.3284972196591485,1.5339730926161053,0.07826659447607953,1.0514158837206595,0.0,1.0,0.0,1.0,0.0,0.0,0
0.590900285542861,-0.40583335430840833,0.1373906335125729,-0.28731575481854454,0.37605621400844635,1.0,0.0,0.0,0.0,1.0,1.0,0
-1.3355457864464038,-1.5620537369534462,0.612255347400689,0.5037427538732498,0.6475384370571757,0.0,1.0,0.0,1.0,0.0,0.0,1
-1.286149733318474,-0.0011562203826450818,-1.1111300749123616,-0.18056928865654964,-0.8661165399105795,1.0,0.0,0.0,0.0,1.0,2.0,1
-0.9897734145508947,0.17227683701411062,-1.3410037238638184,-0.32527627960030336,-1.3258040818703978,0.0,1.0,0.0,1.0,0.0,0.0,0
1.233048976205949,-1.0224842250524286,-0.5317773387735832,-0.3619314668163787,-0.14212121579667839,0.0,1.0,0.0,0.0,1.0,2.0,0
1.3812371355897388,-0.03969689980414635,-0.5584551316886459,-0.36735010164309245,-0.16784205495733523,0.0,1.0,0.0,0.0,1.0,0.0,0
-1.1873576270626143,-0.3094816557546552,-0.5664584695631647,-0.060612096988839986,-0.17566014877407163,0.0,1.0,0.0,1.0,0.0,0.0,0
1.5294252949735283,0.24935819585711314,-0.9381690508463717,-0.3922857501925946,-0.6042244989957323,0.0,0.0,1.0,0.0,1.0,0.0,0
-0.1994365645040169,1.559741296188156,-0.9359459014367831,-0.33605594285505624,-0.6011838277644653,1.0,0.0,0.0,0.0,1.0,1.0,0
-1.5331299989581233,1.5982819756096573,0.9848551884477315,1.3615983095611954,0.8263936757248538,0.0,1.0,0.0,1.0,0.0,0.0,1
-0.39702077701573635,-0.9839435456309273,0.8532447434000887,-0.08391316798233833,0.7660312073032357,0.0,0.0,1.0,0.0,1.0,1.0,0
-0.24883261763194678,-1.7547571340609527,-0.566013839681247,-0.2882070857542878,-0.17522455562350073,0.0,0.0,1.0,0.0,1.0,2.0,0
0.5415042324149311,-0.6948884499696678,-0.5019871366850965,-0.33530131536184526,-0.11399730346997192,1.0,0.0,0.0,0.0,1.0,1.0,0
-0.39702077701573635,-1.4078910192674412,-0.957732765650751,-0.3239384463286508,-0.6312984275798831,0.0,1.0,0.0,1.0,0.0,1.0,0
-0.9403773614229649,-1.6584054355071993,1.448159525405987,0.26243342424528115,1.0187540680662186,0.0,0.0,1.0,0.0,1.0,0.0,0
-0.7921892020391753,0.7889277077581308,0.957732765650751,0.07217393804709361,0.8141847533266643,0.0,0.0,1.0,1.0,0.0,2.0,0
-1.3355457864464038,-0.6563477705481665,0.42061986829415526,0.4305629135933266,0.5448015001067431,0.0,0.0,1.0,0.0,1.0,1.0,0
-0.6933970957833155,-1.7740274737717032,-0.08892597638354234,-0.14737708193041982,0.22315377498809064,0.0,0.0,1.0,0.0,1.0,1.0,0
0.6402963386707908,0.49987261209687134,0.08892597638354234,-0.2941984903332458,0.34481427468118653,0.0,1.0,0.0,1.0,0.0,0.0,0
-1.0885655208067544,-1.06102490447393,-0.5246632606628998,-0.1008778324329944,-0.13534869856617768,1.0,0.0,0.0,1.0,0.0,0.0,0
0.14633580739149216,-0.1938596174901514,-1.5210788260404917,-0.411390772156904,-1.8546358089090442,0.0,1.0,0.0,0.0,1.0,1.0,0
1.1342568699500895,1.0779828034193903,-1.774962488615505,-0.4389406410524508,-3.488969946942968,0.0,1.0,0.0,1.0,0.0,0.0,0
0.2451279136473519,0.5384132915183726,1.377463374181071,-0.14745502253217402,0.9912057836800892,0.0,0.0,1.0,0.0,1.0,1.0,0
-0.6440010426553857,-1.6005944163749475,-1.145811205701943,-0.3288761653686675,-0.9257531285657971,1.0,0.0,0.0,1.0,0.0,1.0,0
1.6282174012293882,-0.7334291293911691,1.5032936307637832,-0.25946719149043995,1.0398343145973499,0.0,0.0,1.0,0.0,1.0,2.0,0
-0.24883261763194678,-1.0802952441846805,0.26455477974103847,-0.18841240334554082,0.45458067645452055,0.0,1.0,0.0,1.0,0.0,0.0,0
0.44271212615907135,0.07592513846035745,-1.5811038600993828,-0.4208153650098587,-2.093918466577738,1.0,0.0,0.0,1.0,0.0,0.0,0
-0.6440010426553857,-1.2922689810029375,-1.1440326861742722,-0.3285915367863578,-0.922626323461865,0.0,0.0,1.0,0.0,1.0,0.0,0
1.233048976205949,-0.7719698088126704,-0.7829932220570903,-0.37753390277056464,-0.407629007744269,0.0,1.0,0.0,1.0,0.0,1.0,0
1.0354647636942298,-0.8297808279449223,0.8225652815477666,-0.2662913125458088,0.7515416065617212,1.0,0.0,0.0,1.0,0.0,0.0,0
-0.545208936399526,-0.425103694019159,-0.4717523047146921,-0.23818324805371577,-0.0860715745014392,0.0,0.0,1.0,0.0,1.0,1.0,0
-0.39702077701573635,1.2128751813946448,1.666917427309501,0.023930254402574937,1.1004263325557442,0.0,0.0,1.0,0.0,1.0,2.0,0
0.09693975426356229,1.0587124637086396,0.24454643505474144,-0.23636150282569876,0.44254022153836065,0.0,0.0,1.0,1.0,0.0,0.0,0
0.7884844980545804,-1.6969461149287006,0.09648468437614344,-0.3021816493091487,0.3497373256207015,0.0,0.0,1.0,1.0,0.0,2.0,0
-0.6440010426553857,0.5191429518076219,1.2449636693695927,0.05373580640112253,0.9379215016605854,0.0,1.0,0.0,0.0,1.0,1.0,0
-1.4837339458301935,-1.1766469427384336,-1.1475897252296139,-0.05127710727138017,-0.9288875880350239,0.0,1.0,0.0,0.0,1.0,1.0,0
1.3812371355897388,-0.40583335430840833,1.3209953791775215,-0.2560009736865067,0.9687679402697067,1.0,0.0,0.0,1.0,0.0,1.0,0
-0.6440010426553857,1.3477675593698992,-1.1836047456649486,-0.33492452274274825,-0.9940694334909052,0.0,0.0,1.0,1.0,0.0,2.0,0
1.4306331887176686,1.559741296188156,-0.5437823455853614,-0.36767198846407484,-0.15363169898905094,0.0,0.0,1.0,1.0,0.0,0.0,0
-0.00185235199229744,-1.4078910192674412,-1.4517165644613288,-0.4014445623670008,-1.6244240260153537,0.0,0.0,1.0,1.0,0.0,0.0,0
-0.00185235199229744,0.7118463489151283,-0.6500488873636945,-0.3181038174404846,-0.2603025920500041,0.0,1.0,0.0,1.0,0.0,1.0,0
-1.7307142114698428,1.3284972196591485,0.35970557447142876,3.6549955556388705,0.5103394711276047,0.0,0.0,1.0,0.0,1.0,1.0,1
-0.9897734145508947,-1.7547571340609527,-1.2551901566537,-0.30592111987958664,-1.1343991827628759,1.0,0.0,0.0,1.0,0.0,1.0,0
-0.6933970957833155,-0.21312995720090203,-0.542893085821526,-0.22317361179156994,-0.15277551303019998,0.0,0.0,1.0,1.0,0.0,2.0,0
1.1342568699500895,-1.311539320713688,0.960845174824175,-0.26337157294292285,0.8155917046300318,0.0,1.0,0.0,1.0,0.0,0.0,0
-1.286149733318474,-1.06102490447393,-1.5939981266749965,-0.34835014526372043,-2.1517218308663875,0.0,0.0,1.0,1.0,0.0,1.0,0
-0.545208936399526,1.2899565402376472,1.272530722048491,0.019575469134610602,0.9491916504194348,0.0,1.0,0.0,1.0,0.0,0.0,0
0.8872766043104402,-0.5407257322836627,-0.38193706856731435,-0.34086207643097516,-0.006536000538169169,0.0,1.0,0.0,1.0,0.0,2.0,0
-0.7921892020391753,0.21081751643561186,1.5664310739960983,0.18343842090592188,1.0635558671124326,0.0,1.0,0.0,0.0,1.0,1.0,0
-0.3476247238878065,-0.29021131604390454,-0.49531768845633084,-0.268715753813921,-0.10778464667351607,0.0,0.0,1.0,1.0,0.0,0.0,0
1.4306331887176686,-0.3094816557546552,-0.015117415985202198,-0.33682477377713943,0.27505314617066096,1.0,0.0,0.0,1.0,0.0,2.0,0
0.39331607303114147,0.05665479874960681,0.09070449591121318,-0.2773036435681419,0.3459743436654139,1.0,0.0,0.0,1.0,0.0,2.0,0
1.3812371355897388,1.2128751813946448,0.2654440395048739,-0.3185377207338061,0.45511318885718616,0.0,0.0,1.0,1.0,0.0,1.0,0
-0.44641683014366623,-0.38656301459765774,0.8439075158798168,-0.07233692958274124,0.7616386607869893,0.0,0.0,1.0,1.0,0.0,1.0,0
0.49210817928700124,1.2899565402376472,-0.42773394640483864,-0.32688724005757036,-0.04647379785166925,0.0,0.0,1.0,1.0,0.0,1.0,0
-1.5825260520860531,-0.1938596174901514,0.7794361830017487,1.560527430671162,0.730890842673095,0.0,1.0,0.0,1.0,0.0,1.0,1
-1.6813181583419128,1.251415860816146,-0.4357372842793575,1.3426901137412743,-0.053582905863305844,1.0,0.0,0.0,1.0,0.0,1.0,0
-0.7427931489112455,-0.9646732059201767,-1.0070866825436169,-0.29413731129337767,-0.7022560835121244,1.0,0.0,0.0,0.0,1.0,0.0,0
0.49210817928700124,0.2878988752786144,-0.8550232629277595,-0.3618767646284327,-0.4951489461059269,1.0,0.0,0.0,0.0,1.0,0.0,0
-1.0885655208067544,-0.03969689980414635,1.0337644754586797,0.2971804235602175,0.8481197662917377,0.0,0.0,1.0,1.0,0.0,2.0,0
1.0848608168221596,-1.1188359236061818,0.4250661671133324,-0.2952597719394754,0.5472810246107777,0.0,1.0,0.0,0.0,1.0,1.0,0
1.5294252949735283,-0.9261325264986754,-0.9194945958058278,-0.3912281105045848,-0.5789045146853913,0.0,1.0,0.0,0.0,1.0,2.0,0
-1.4837339458301935,-1.465702038399693,1.0844522819972988,1.1612206091015056,0.8702535350414277,0.0,0.0,1.0,0.0,1.0,1.0,0
-0.3476247238878065,0.9045497460226346,-0.13116581516572495,-0.2220548693058622,0.1924776198335711,0.0,1.0,0.0,1.0,0.0,1.0,0
0.6402963386707908,-0.5985367514159147,-1.4912886239520051,-0.41584937134541894,-1.7506555715185443,0.0,1.0,0.0,1.0,0.0,0.0,0
-0.44641683014366623,1.3477675593698992,0.048020027247112865,-0.1815770755992659,0.31783842076250657,0.0,1.0,0.0,1.0,0.0,1.0,0
0.2451279136473519,-0.6756181102589172,0.720300408706693,-0.20765937630981307,0.7020233321387113,0.0,0.0,1.0,1.0,0.0,1.0,0
-1.5331299989581233,-0.0011562203826450818,0.14317082197750317,0.8294210168511668,0.37973194551558936,1.0,0.0,0.0,0.0,1.0,0.0,1
-1.0885655208067544,0.9238200857333853,0.19874955721721713,0.08389842505657923,0.4145471967226817,0.0,1.0,0.0,1.0,0.0,0.0,0
-0.8909813082950351,-0.637077430837416,1.498847331944606,0.23561905875451547,1.038147101210839,0.0,1.0,0.0,0.0,1.0,0.0,0
-1.6813181583419128,-1.0032138853416779,-1.1902741938937142,0.4039276644891227,-1.0065129333077976,0.0,0.0,1.0,1.0,0.0,2.0,0
1.4306331887176686,0.4035209135431182,1.301431664373142,-0.2600050911127025,0.9609015728352244,1.0,0.0,0.0,1.0,0.0,0.0,0
0.6896923917987207,-0.6178070911266653,1.4214817324909244,-0.19657623288573597,1.0084279955392066,1.0,0.0,0.0,0.0,1.0,2.0,0
-1.5331299989581233,0.3457098944108663,1.438822297885715,1.6486310701829274,1.0151494075812555,0.0,1.0,0.0,1.0,0.0,1.0,1
-1.5331299989581233,-1.0032138853416779,-0.9141590372228152,0.1608961346195514,-0.5717612545756942,0.0,1.0,0.0,0.0,1.0,0.0,1
-0.15004051137608704,-1.7547571340609527,-0.9817427792743074,-0.3444370436761567,-0.6653275006684582,1.0,0.0,0.0,0.0,1.0,2.0,0
0.6402963386707908,1.4441192579236524,1.1373632379455065,-0.21348583489523107,0.8929570577177027,0.0,1.0,0.0,1.0,0.0,0.0,0
0.2451279136473519,-0.6178070911266653,-1.3512302111479257,-0.3974375117969715,-1.3506465306572395,1.0,0.0,0.0,0.0,1.0,1.0,0
-0.4958128832715961,-1.2537283015814362,-0.6496042574817767,-0.27113489874376623,-0.2598372364011405,0.0,0.0,1.0,0.0,1.0,2.0,0
-0.00185235199229744,-1.099565583895431,0.3872726271503269,-0.21026468382231372,0.5260504173641432,0.0,1.0,0.0,1.0,0.0,0.0,0
-1.0885655208067544,-1.4464316986889425,-1.6460198228593688,-0.38729806684522844,-2.415708008233015,1.0,0.0,0.0,1.0,0.0,0.0,0
1.3812371355897388,-1.311539320713688,0.5904684831867212,-0.2992814603750968,0.6362651854325656,1.0,0.0,0.0,0.0,1.0,1.0,0
0.93667265743837,-0.1360485983578995,0.9630683242337635,-0.25025284677854875,0.8165957241700328,1.0,0.0,0.0,0.0,1.0,2.0,0
-0.39702077701573635,-0.579266411705164,0.7794361830017487,-0.09369568607845613,0.730890842673095,0.0,1.0,0.0,1.0,0.0,2.0,0
0.2451279136473519,1.0972531431301409,-1.3534533605575143,-0.39764118011151023,-1.3561114388836908,1.0,0.0,0.0,1.0,0.0,0.0,0
-1.5825260520860531,-1.36935033984594,1.6131172115974581,2.191000669059336,1.0808180834520393,0.0,1.0,0.0,1.0,0.0,1.0,0
0.195731860519422,-0.020426560093395715,-0.7972213782784571,-0.3442859291138351,-0.42444929630887535,1.0,0.0,0.0,1.0,0.0,2.0,0
1.1836529230780193,-1.6584054355071993,-0.8545786330458419,-0.3809449116893497,-0.49458993013819375,0.0,1.0,0.0,0.0,1.0,1.0,0
-0.39702077701573635,1.4248489182129016,0.3659303928182767,-0.14850135974947767,0.5139039921714538,0.0,1.0,0.0,0.0,1.0,1.0,0
0.29452396677528175,0.2878988752786144,1.1756014077904298,-0.17242768769403866,0.9091176245475173,1.0,0.0,0.0,1.0,0.0,1.0,0
-1.286149733318474,-0.5214553925729122,1.421926362372842,0.6995849839871447,1.0086007809188302,0.0,1.0,0.0,1.0,0.0,1.0,0
0.49210817928700124,1.5019302770559042,0.44774229109113567,-0.2551969446569169,0.5598524469440944,0.0,1.0,0.0,1.0,0.0,2.0,0
-0.15004051137608704,-1.4849723781104438,1.634459445929508,-0.048530992816368766,1.0886325324471615,0.0,1.0,0.0,0.0,1.0,0.0,0
1.6282174012293882,1.0201717842871385,-0.8167850930828364,-0.3871174262053305,-0.4479440115235865,1.0,0.0,0.0,0.0,1.0,1.0,0
0.9860687105662999,0.3649802341216169,-0.8763654972598097,-0.3779140312413422,-0.5222728423453262,0.0,0.0,1.0,0.0,1.0,0.0,0
-0.545208936399526,1.0779828034193903,1.0342091053405975,-0.015642137904120747,0.8483155950072306,0.0,1.0,0.0,0.0,1.0,2.0,0
1.233048976205949,1.309226879948398,1.3321111262254643,-0.24616967651558683,0.9732160308048436,0.0,0.0,1.0,0.0,1.0,2.0,0
1.0354647636942298,0.24935819585711314,1.3303326066977934,-0.23258389099656807,0.9725053738953835,1.0,0.0,0.0,0.0,1.0,0.0,0
-0.8909813082950351,-1.3886206795566907,0.8474645549351585,0.10408451632890306,0.7633137891420226,0.0,0.0,1.0,0.0,1.0,1.0,0
-0.10064445824815717,-0.03969689980414635,1.1302491598348232,-0.11523666802762052,0.8899278064363771,1.0,0.0,0.0,1.0,0.0,0.0,0
-0.1994365645040169,1.5982819756096573,-0.8830349454885754,-0.32989063838975463,-0.5308682609767368,1.0,0.0,0.0,0.0,1.0,2.0,0
-1.4343378927022636,1.1357938225516422,-0.10359876248682683,0.3971937784377567,0.21258094880116293,0.0,1.0,0.0,0.0,1.0,2.0,1
0.09693975426356229,0.5962243106506245,-0.14494934150517402,-0.2747819937354755,0.18230634080924898,1.0,0.0,0.0,0.0,1.0,1.0,0
0.9860687105662999,0.15300649730335997,0.5806866257845315,-0.2794957233257785,0.6311712595129558,0.0,1.0,0.0,0.0,1.0,1.0,0
1.0354647636942298,0.673305669493627,0.4793110127072932,-0.28907776564214305,0.5771508262666641,0.0,1.0,0.0,1.0,0.0,1.0,0
-0.051248405120227304,1.4826599373451537,-0.3241351839180118,-0.2797623602461336,0.0421552675307199,0.0,0.0,1.0,1.0,0.0,1.0,0
1.3812371355897388,-1.0802952441846805,0.9817427792743074,-0.2761001893550364,0.8249985503045099,0.0,1.0,0.0,1.0,0.0,2.0,0
0.34392001990321164,-0.9068621867879247,-1.0142007606543004,-0.3701285927312653,-0.7128163582478622,1.0,0.0,0.0,1.0,0.0,2.0,0
-1.5331299989581233,-1.0802952441846805,1.087120061288805,1.4262579911899889,0.8714079387743979,0.0,1.0,0.0,1.0,0.0,2.0,0
-1.5825260520860531,-1.465702038399693,-0.37437836057471324,0.6879524687419288,-6.245725800529732e-05,0.0,1.0,0.0,0.0,1.0,0.0,1
1.5294252949735283,-1.3308096604244386,1.5811038600993828,-0.24960511990061046,1.0690062539006504,0.0,0.0,1.0,1.0,0.0,0.0,0
-1.0885655208067544,-0.2516706366224033,-1.0964572888090771,-0.24692716687158794,-0.8416985449258914,0.0,1.0,0.0,1.0,0.0,0.0,0
0.7390884449266506,-1.465702038399693,-0.43529265439743975,-0.338802928621754,-0.05318691821402166,0.0,1.0,0.0,0.0,1.0,2.0,0
0.8872766043104402,1.039442123997889,-1.200056051295904,-0.3981287273109232,-1.0249849737927281,0.0,0.0,1.0,1.0,0.0,2.0,0
-1.1379615739346844,0.9045497460226346,-1.7282763510141455,-0.4056905563497964,-2.991223934866469,0.0,1.0,0.0,0.0,1.0,2.0,0
-1.3849418395743336,-0.8297808279449223,-0.7981106380422925,0.010263482133246878,-0.4255079371742687,0.0,0.0,1.0,0.0,1.0,0.0,1
-0.24883261763194678,1.6175523153204079,0.7011813237842314,-0.13595074482017167,0.6925492597815959,0.0,0.0,1.0,0.0,1.0,0.0,0
-1.5825260520860531,1.0972531431301409,-0.9541757265954093,0.2494793472175664,-0.626333124009108,1.0,0.0,0.0,1.0,0.0,1.0,0
1.1836529230780193,-1.7547571340609527,-1.7762963782612582,-0.43912758244296707,-3.506470347664452,0.0,0.0,1.0,1.0,0.0,1.0,0
1.1836529230780193,1.193604841683894,0.7229681879981992,-0.2813635726474613,0.703339740123501,0.0,1.0,0.0,0.0,1.0,0.0,0
1.5788213481014584,-1.2922689810029375,-0.3525914963607454,-0.36036716690332543,0.018415518145561836,1.0,0.0,0.0,0.0,1.0,1.0,0
-1.3355457864464038,0.3649802341216169,0.11738228882627588,0.3147655793220791,0.3632504238778444,0.0,0.0,1.0,1.0,0.0,0.0,1
-0.00185235199229744,-1.5620537369534462,1.2338479223216499,-0.12225537803191622,0.9333488732249041,0.0,0.0,1.0,1.0,0.0,0.0,0
0.8378805511825103,1.463389597634403,1.0946787692814062,-0.23366251190036966,0.8746731086100769,0.0,1.0,0.0,1.0,0.0,2.0,0
-1.236753680190544,-1.215187622159935,1.4437132265868098,0.6119177435604902,1.0170388286218384,0.0,0.0,1.0,1.0,0.0,2.0,0
1.6282174012293882,0.9430904254441359,0.49264990916482454,-0.3150725926991303,0.5843903445371171,0.0,1.0,0.0,1.0,0.0,1.0,0
-0.3476247238878065,-0.15531893806865013,1.1978329018863154,-0.051762581400382875,0.9184203830920898,0.0,1.0,0.0,0.0,1.0,1.0,0
0.8378805511825103,1.2706862005268966,0.9523972070677384,-0.2438060221904448,0.8117692341941501,0.0,0.0,1.0,0.0,1.0,0.0,0
0.14633580739149216,0.7889277077581308,1.2502992279526053,-0.1448348626792009,0.940110576512786,0.0,0.0,1.0,1.0,0.0,1.0,0
1.5788213481014584,-0.0011562203826450818,0.23031827883337466,-0.3278314631372884,0.4339087092394406,0.0,1.0,0.0,0.0,1.0,1.0,0
1.0848608168221596,-0.38656301459765774,1.3427822433914893,-0.23536929481307467,0.9774717091844063,0.0,1.0,0.0,0.0,1.0,2.0,0
-1.1873576270626143,0.4227912532538688,1.2965407356720473,0.4878899948632474,0.9589274065472672,1.0,0.0,0.0,0.0,1.0,1.0,0
0.5415042324149311,-0.6756181102589172,0.8776993869055629,-0.22467148152163044,0.7774645867789733,0.0,0.0,1.0,0.0,1.0,0.0,0
0.5415042324149311,-0.38656301459765774,-1.3534533605575143,-0.4035759308320391,-1.3561114388836908,1.0,0.0,0.0,0.0,1.0,1.0,0
-0.9403773614229649,-1.1381062633169323,1.6509107515604635,0.3056372124794039,1.0946237876385958,0.0,0.0,1.0,1.0,0.0,1.0,0
-0.8415852551671051,-1.2729986412921868,0.3761568801023841,-0.013680809822213216,0.5197385340622005,0.0,0.0,1.0,1.0,0.0,1.0,0
0.39331607303114147,0.19154717672486124,0.5873560740132971,-0.23483071647722203,0.6346465879481716,0.0,1.0,0.0,1.0,0.0,1.0,0
-1.0885655208067544,-1.67767577521795,1.0479926316800465,0.30081462161778744,0.8543714774784614,0.0,1.0,0.0,1.0,0.0,0.0,0
-0.051248405120227304,-0.9261325264986754,0.15739897819886994,-0.2283157439936586,0.3887351981053086,0.0,0.0,1.0,1.0,0.0,0.0,0
-0.15004051137608704,-0.425103694019159,-0.38593873750457375,-0.27704851407858433,-0.009976466702405654,0.0,1.0,0.0,0.0,1.0,2.0,0
0.590900285542861,-0.6756181102589172,-0.30145905994020855,-0.32178813108547794,0.060762726704883495,0.0,1.0,0.0,1.0,0.0,0.0,0
-1.6813181583419128,0.4806022723861207,-0.7429765326844963,0.9604362230911644,-0.3614732917112541,0.0,0.0,1.0,1.0,0.0,1.0,0
-1.1873576270626143,-0.40583335430840833,-1.756732663456879,-0.41105126163992306,-3.271064733475702,1.0,0.0,0.0,0.0,1.0,0.0,0
1.2824450293338792,-1.6584054355071993,1.5441995799002126,-0.23636059923282626,1.0552532439758782,0.0,1.0,0.0,0.0,1.0,2.0,0
-0.44641683014366623,-1.581324076664197,-1.3841328224098366,-0.3781483104144759,-1.4340106427937516,0.0,1.0,0.0,1.0,0.0,2.0,0
0.49210817928700124,1.6175523153204079,1.1973882720043976,-0.1938105363047068,0.918234988745318,0.0,0.0,1.0,0.0,1.0,2.0,0
0.49210817928700124,1.3863082387914003,0.058246514531220234,-0.28709166216375914,0.3246358514377668,1.0,0.0,0.0,0.0,1.0,1.0,0
-0.3476247238878065,0.7503870283366295,-0.05157706630245456,-0.21185670285049896,0.24967896239650683,1.0,0.0,0.0,0.0,1.0,1.0,0
0.7884844980545804,-0.5599960719944134,-0.34414352860430886,-0.3341864181140468,0.025509309440998124,1.0,0.0,0.0,0.0,1.0,0.0,0
0.6402963386707908,0.01811411932810555,-1.5659864441141806,-0.4215998913257355,-2.0293135389301464,0.0,1.0,0.0,1.0,0.0,0.0,0
-0.051248405120227304,1.1550641622623927,-0.2356538374163872,-0.2703091038894923,0.11327855380404554,1.0,0.0,0.0,1.0,0.0,1.0,0
-0.7427931489112455,-1.0417545647631792,0.5117689940872862,-0.029066962698423376,0.5946961222708043,1.0,0.0,0.0,0.0,1.0,2.0,0
1.331841082461809,1.0009014445763877,-0.23787698682597574,-0.346846175371447,0.11153908056579145,1.0,0.0,0.0,1.0,0.0,0.0,0
1.233048976205949,0.8467387268903828,-1.6744761353021023,-0.43290183920975545,-2.587043093265447,1.0,0.0,0.0,1.0,0.0,1.0,0
1.4800292418455985,-0.9261325264986754,-1.405030426859969,-0.41833193827965076,-1.4899229389755009,0.0,0.0,1.0,0.0,1.0,0.0,0
1.4800292418455985,-1.5042427178211943,-1.3183275998860151,-0.4133482869288149,-1.2723797857548866,0.0,1.0,0.0,1.0,0.0,0.0,0
-0.8415852551671051,0.673305669493627,-1.0813398728238748,-0.2933524650056512,-0.8170183671120368,0.0,0.0,1.0,0.0,1.0,0.0,0
-0.29822867075987664,0.7503870283366295,1.4783943573763914,-0.02961987041893514,1.030357155417182,0.0,1.0,0.0,0.0,1.0,2.0,0
1.5788213481014584,0.11446581788185871,1.5370855017895293,-0.2548929174710925,1.0525849938750955,0.0,0.0,1.0,0.0,1.0,1.0,0
0.6402963386707908,-0.791240148523421,1.5059614100552896,-0.1851097571352166,1.0408455765062445,0.0,1.0,0.0,1.0,0.0,0.0,0
0.195731860519422,-0.7526994691019198,-0.011115747047942793,-0.2705165718272367,0.27780773895858396,1.0,0.0,0.0,1.0,0.0,2.0,0
1.5294252949735283,1.5019302770559042,-0.41217190053771874,-0.36249556564698615,-0.03276251129146023,0.0,1.0,0.0,1.0,0.0,1.0,0
-1.4837339458301935,0.6347649900721257,-0.6718357515776624,0.20716364103917517,-0.28331471946902714,0.0,1.0,0.0,0.0,1.0,2.0,0
-1.7801102645977727,1.3477675593698992,0.6860639077990291,8.526759978369636,0.685008187260395,0.0,1.0,0.0,0.0,1.0,2.0,1
-1.1379615739346844,0.8274683871796321,-1.108906925502773,-0.2362694300148136,-0.8623867788877877,1.0,0.0,0.0,1.0,0.0,1.0,0
0.9860687105662999,-1.6005944163749475,0.06180355358656193,-0.3145442937674821,0.32699174180571,1.0,0.0,0.0,1.0,0.0,1.0,0
-1.7307142114698428,-1.1381062633169323,1.4588306425720121,5.673662783831224,1.0228612922896334,0.0,0.0,1.0,1.0,0.0,0.0,1
-0.29822867075987664,-0.5214553925729122,0.00800333787451881,-0.21197138161607865,0.29088739190516827,0.0,0.0,1.0,1.0,0.0,2.0,0
1.331841082461809,0.307169214989365,-0.4824234218807172,-0.3615604961924877,-0.09585831809919752,0.0,0.0,1.0,1.0,0.0,2.0,0
-1.0391694676788246,1.3477675593698992,-1.4179246934355827,-0.33625352607660725,-1.525681021617858,0.0,0.0,1.0,1.0,0.0,1.0,0
1.3812371355897388,-1.6391350957964488,1.136918608063589,-0.2669067080073078,0.8927679393282073,0.0,1.0,0.0,1.0,0.0,0.0,0
1.0848608168221596,0.9623607651548866,1.5766575612802056,-0.22010650849113336,1.0673570701928123,0.0,0.0,1.0,0.0,1.0,1.0,0
1.4306331887176686,1.0587124637086396,-1.401918017686545,-0.4177435816901347,-1.4814392521174673,0.0,0.0,1.0,1.0,0.0,0.0,0
0.9860687105662999,0.15300649730335997,0.7194111489428575,-0.2701254114339091,0.7015842285494442,1.0,0.0,0.0,0.0,1.0,0.0,0
-1.3355457864464038,-1.8125681531932045,0.33614019072979007,0.3983026591775832,0.4967546012597229,0.0,0.0,1.0,1.0,0.0,1.0,0
-1.4837339458301935,0.5191429518076219,-0.4948730585744131,0.3032939380743163,-0.1073715393772237,1.0,0.0,0.0,1.0,0.0,0.0,1
-1.3355457864464038,-0.0011562203826450818,-0.22009179154926728,0.18589435247181993,0.12538914587824426,0.0,0.0,1.0,0.0,1.0,1.0,1
-1.3355457864464038,0.5384132915183726,-0.38193706856731435,0.12409049664376412,-0.006536000538169169,0.0,0.0,1.0,1.0,0.0,2.0,1
-1.1873576270626143,0.4806022723861207,-1.5495351384832252,-0.35004840369169565,-1.9625249481755014,1.0,0.0,0.0,0.0,1.0,1.0,0
-1.4343378927022636,-0.2516706366224033,-0.9119358878132267,0.012296871659980595,-0.5687966177945659,1.0,0.0,0.0,0.0,1.0,1.0,0
-1.3355457864464038,1.5404709564774055,0.03201335149807524,0.2821657432809069,0.3071259859948259,0.0,0.0,1.0,1.0,0.0,2.0,1
-0.00185235199229744,0.9045497460226346,-0.2120884536747485,-0.2725737931739187,0.13157313132689477,0.0,0.0,1.0,0.0,1.0,0.0,0
0.29452396677528175,1.2899565402376472,1.296985365553965,-0.1615654090885277,0.9591070020386562,0.0,0.0,1.0,0.0,1.0,1.0,0
1.5788213481014584,1.193604841683894,-0.9154929268685684,-0.3917860844989035,-0.5735433370536959,1.0,0.0,0.0,1.0,0.0,2.0,0
0.9860687105662999,-0.0011562203826450818,1.6251222184092362,-0.20894808667833903,1.0852195778176126,0.0,0.0,1.0,0.0,1.0,0.0,0
0.6402963386707908,1.0587124637086396,-0.45663488872948993,-0.336197823760915,-0.07233383280383494,0.0,0.0,1.0,1.0,0.0,2.0,0
-1.1873576270626143,1.4441192579236524,1.0475480017981287,0.4145818393889828,0.8541765728348462,0.0,0.0,1.0,0.0,1.0,0.0,0
-0.8415852551671051,-1.1381062633169323,-0.11649302906244047,-0.10821290071399156,0.20321705495422274,1.0,0.0,0.0,1.0,0.0,1.0,0
0.7390884449266506,-1.311539320713688,1.3596781789043624,-0.20592385644565567,0.984181072307981,0.0,0.0,1.0,0.0,1.0,2.0,0
-0.1994365645040169,-0.3094816557546552,-0.43884969345278146,-0.2781331664499535,-0.05635825371448822,0.0,1.0,0.0,1.0,0.0,1.0,0
0.590900285542861,-1.4271613589781917,1.287648138033693,-0.19696110699427238,0.9553301965573339,1.0,0.0,0.0,0.0,1.0,2.0,0
-0.7427931489112455,-1.099565583895431,1.0048635331340285,0.05698778454742097,0.8353262245353331,0.0,0.0,1.0,1.0,0.0,1.0,0
1.331841082461809,1.3477675593698992,-0.13161044504764266,-0.3404521341419402,0.19215077208354966,0.0,1.0,0.0,0.0,1.0,1.0,0
0.8378805511825103,-1.0417545647631792,-1.1106854450304438,-0.3908869213965348,-0.8653697180441156,1.0,0.0,0.0,1.0,0.0,0.0,0
-0.4958128832715961,-0.9261325264986754,-0.28678627383692407,-0.21949844257892048,0.07266033723292294,0.0,1.0,0.0,0.0,1.0,0.0,0
0.7884844980545804,0.24935819585711314,0.7074061421310793,-0.25780773171285193,0.6956415443193258,1.0,0.0,0.0,1.0,0.0,1.0,0
0.7390884449266506,0.7118463489151283,0.04713076748327744,-0.3030898264887179,0.3172456309122172,1.0,0.0,0.0,0.0,1.0,2.0,0
-0.8415852551671051,1.2321455211053953,-0.6758374205149218,-0.21554265734021638,-0.2875867658726653,1.0,0.0,0.0,0.0,1.0,0.0,0
-1.1379615739346844,0.307169214989365,-1.471280279265708,-0.33539234312537425,-1.6852764558649174,0.0,0.0,1.0,0.0,1.0,2.0,0
1.331841082461809,0.17227683701411062,1.6722529858925137,-0.23191395310382729,1.1023546854108155,0.0,1.0,0.0,1.0,0.0,0.0,0
0.6896923917987207,-0.32875199546540584,1.1484789849934494,-0.21718172693597712,0.8976759620554906,0.0,1.0,0.0,0.0,1.0,2.0,0
-1.3355457864464038,1.0201717842871385,0.6469364781902706,0.5169864372649761,0.6652813452654435,0.0,0.0,1.0,0.0,1.0,1.0,1
1.3812371355897388,1.251415860816146,-0.031124091734239818,-0.33610807047287466,0.26397512995585226,0.0,1.0,0.0,0.0,1.0,1.0,0
-1.1379615739346844,1.1743345019731435,0.641600919607258,0.2425611330726431,0.6625676189502714,0.0,1.0,0.0,0.0,1.0,1.0,0
0.7884844980545804,-1.099565583895431,-1.531305313324599,-0.42041520994964526,-1.8923705054483546,0.0,1.0,0.0,0.0,1.0,0.0,0
-0.545208936399526,-0.7141587896804185,0.6313744323231506,-0.07517040651809564,0.657350178967206,0.0,0.0,1.0,0.0,1.0,2.0,0
0.2451279136473519,-1.831838492903955,-1.0057527928978638,-0.3657874557176579,-0.7002856916581619,0.0,1.0,0.0,0.0,1.0,2.0,0
-0.7921892020391753,1.251415860816146,-0.5117689940872862,-0.19643754175453346,-0.12316407649227311,1.0,0.0,0.0,1.0,0.0,1.0,0
0.7884844980545804,0.5962243106506245,1.1329169391263294,-0.2269010074481824,0.8910646156738994,1.0,0.0,0.0,0.0,1.0,1.0,0
-0.8415852551671051,-1.5042427178211943,0.1862999205235212,-0.050111498279604344,0.40683044295158655,0.0,0.0,1.0,1.0,0.0,0.0,0
-1.3355457864464038,0.7118463489151283,0.46152581743058474,0.4461836683630549,0.56743401959924,0.0,1.0,0.0,0.0,1.0,0.0,1
0.9860687105662999,-1.3886206795566907,0.8879258741896703,-0.2587428851293627,0.7822157093128201,1.0,0.0,0.0,1.0,0.0,2.0,0
-1.4343378927022636,0.7118463489151283,-1.6509107515604635,-0.33957257777052763,-2.443571989278628,0.0,0.0,1.0,1.0,0.0,0.0,1
1.6282174012293882,0.7889277077581308,-0.9786303701008835,-0.396022118699815,-0.6608649706964747,0.0,1.0,0.0,0.0,1.0,2.0,0
-1.5331299989581233,0.885279406311884,-1.6691405767190897,-0.31646099323128246,-2.5531225386410945,0.0,0.0,1.0,0.0,1.0,0.0,1
1.1836529230780193,-1.2344579618706855,-1.5126308582840553,-0.4224839144463944,-1.8242811808513018,1.0,0.0,0.0,1.0,0.0,1.0,0
1.6282174012293882,1.0779828034193903,0.26188700044953217,-0.32776911853604646,0.4529818091661176,0.0,0.0,1.0,1.0,0.0,0.0,0
0.34392001990321164,-1.0802952441846805,-1.0310966961671735,-0.3716062733190159,-0.7382516902092001,0.0,1.0,0.0,0.0,1.0,0.0,0
1.4306331887176686,-1.36935033984594,-0.9857444482115668,-0.39346015616703006,-0.6710879875070487,0.0,0.0,1.0,0.0,1.0,1.0,0
-1.7801102645977727,1.3670378990806498,-1.596221276084585,0.5244726685528398,-2.1619571056213474,0.0,0.0,1.0,0.0,1.0,2.0,1
-1.3849418395743336,0.44206159296461944,-1.6437966734497802,-0.3481667893400407,-2.4032402753172715,0.0,1.0,0.0,1.0,0.0,2.0,1
1.4306331887176686,0.7889277077581308,-1.5717666325791109,-0.4276541250125984,-2.053632076630254,0.0,1.0,0.0,0.0,1.0,0.0,0
0.9860687105662999,0.9623607651548866,0.5393360467661843,-0.282288797062778,0.6094110970727149,0.0,1.0,0.0,1.0,0.0,0.0,0
-0.7921892020391753,1.2321455211053953,-1.499291961826524,-0.3769477071522381,-1.7777714895450059,1.0,0.0,0.0,0.0,1.0,1.0,0
0.9860687105662999,1.3863082387914003,-1.5286375340330929,-0.4219725169636894,-1.882418957528017,1.0,0.0,0.0,0.0,1.0,1.0,0
0.29452396677528175,-0.6563477705481665,1.3227738987051922,-0.1592576722419356,0.9694806739667939,0.0,1.0,0.0,1.0,0.0,2.0,0
0.6402963386707908,1.039442123997889,-1.8020849114124855,-0.4397756419778075,-3.9025333320140416,1.0,0.0,0.0,1.0,0.0,1.0,0
-1.1873576270626143,-0.4829147131514109,-1.7184944936119557,-0.3997932234778039,-2.9076055854221656,0.0,0.0,1.0,0.0,1.0,1.0,0
0.2451279136473519,0.15300649730335997,-0.1329443346933958,-0.28582727542976527,0.19116972793869597,0.0,1.0,0.0,1.0,0.0,0.0,0
1.4800292418455985,1.2899565402376472,0.8808117960789869,-0.2869424429224853,0.7789124477484117,1.0,0.0,0.0,0.0,1.0,2.0,0
0.39331607303114147,1.6175523153204079,1.4903993641881697,-0.15760375593858436,1.03493525781818,0.0,1.0,0.0,0.0,1.0,0.0,0
0.44271212615907135,-1.2344579618706855,-1.665583537663748,-0.4278832298601626,-2.530997995899297,1.0,0.0,0.0,0.0,1.0,1.0,0
0.195731860519422,-0.32875199546540584,1.5201895662766562,-0.12681653421691713,1.046225525823439,1.0,0.0,0.0,0.0,1.0,1.0,0
-0.29822867075987664,-0.579266411705164,-1.0124222411266295,-0.33852013220496413,-0.7101681131388835,0.0,0.0,1.0,0.0,1.0,1.0,0
-0.7921892020391753,-0.7719698088126704,1.2511884877164408,0.1258149597321387,0.940475058739487,1.0,0.0,0.0,0.0,1.0,2.0,0
0.590900285542861,-0.9068621867879247,-0.7100739214225856,-0.3538855108112244,-0.32473113212820015,1.0,0.0,0.0,0.0,1.0,0.0,0
-1.631922105213983,-0.1938596174901514,-0.7460889418579202,0.6146658494477926,-0.36500411229657154,0.0,0.0,1.0,0.0,1.0,0.0,1
-0.7921892020391753,-0.03969689980414635,-1.093344879635653,-0.3027442938212591,-0.8365782968138502,0.0,0.0,1.0,0.0,1.0,0.0,0
0.7390884449266506,-0.8683215073664236,0.6989581743746428,-0.2548359944822378,0.6914430600983175,0.0,0.0,1.0,1.0,0.0,2.0,0
-1.1873576270626143,1.4248489182129016,0.9292764532080174,0.3797604655387071,0.8012490051924336,1.0,0.0,0.0,1.0,0.0,2.0,0
0.590900285542861,0.11446581788185871,0.4219537579399084,-0.2649628461956091,0.5455458617518245,1.0,0.0,0.0,0.0,1.0,1.0,0
-0.9403773614229649,-1.1959172824491842,0.9106019981674736,0.1478865383350744,0.7926883406621144,1.0,0.0,0.0,0.0,1.0,0.0,0
-0.10064445824815717,0.4613319326753701,0.444185252035794,-0.19062330513832232,0.5578886029183929,1.0,0.0,0.0,1.0,0.0,2.0,0
1.5788213481014584,-0.40583335430840833,0.6905102066182063,-0.30214538121673284,0.6872307638534384,0.0,0.0,1.0,0.0,1.0,0.0,0
1.1342568699500895,-1.36935033984594,-1.2938729563805411,-0.40806696452157,-1.2171588152324015,0.0,1.0,0.0,1.0,0.0,1.0,0
1.677613454357318,0.7889277077581308,-1.5117415985202198,-0.4256331699315804,-1.821127420503819,0.0,1.0,0.0,1.0,0.0,1.0,0
-1.6813181583419128,1.2128751813946448,-1.240072740668498,0.34197044921732483,-1.103456322435396,0.0,1.0,0.0,0.0,1.0,0.0,1
-0.1994365645040169,-0.27094097633315395,-0.5482286444045386,-0.29087824963032494,-0.15792123751930745,0.0,1.0,0.0,0.0,1.0,2.0,0
0.2451279136473519,0.13373615759260934,-1.2974299954358828,-0.392508738585135,-1.2250444509570735,1.0,0.0,0.0,1.0,0.0,2.0,0
-1.631922105213983,-1.831838492903955,0.43129098546018035,1.7222320269807507,0.5507443120298834,1.0,0.0,0.0,0.0,1.0,2.0,0
-1.1873576270626143,-0.17458927777940078,0.7945535989869508,0.3400955171303103,0.7381672262576231,0.0,1.0,0.0,1.0,0.0,2.0,0
0.7884844980545804,-1.2922689810029375,-1.2071701294065873,-0.39687184319003804,-1.0385885658007092,0.0,1.0,0.0,1.0,0.0,1.0,0
-1.3355457864464038,-0.5021850528621615,1.0755596843589446,0.6806647807216952,0.8663979884553954,0.0,0.0,1.0,1.0,0.0,0.0,1
-0.15004051137608704,1.0972531431301409,-1.1529252838126265,-0.3637986734485935,-0.9383372696984035,0.0,0.0,1.0,0.0,1.0,2.0,0
-1.0391694676788246,1.559741296188156,1.5526475476566493,0.37537140804924285,1.058414585978307,0.0,0.0,1.0,1.0,0.0,2.0,0
-1.4343378927022636,0.8274683871796321,0.8812564259609046,0.8661413298749262,0.7791191514462935,0.0,1.0,0.0,1.0,0.0,0.0,1
0.09693975426356229,0.9816311048656371,-1.5148540076936436,-0.4099115970380122,-1.8321997345597263,0.0,1.0,0.0,1.0,0.0,1.0,0
0.195731860519422,1.193604841683894,-0.0609142938227265,-0.27518974378204386,0.2430990024545751,1.0,0.0,0.0,0.0,1.0,1.0,0
0.2451279136473519,0.7889277077581308,-0.8492430744628293,-0.35144920637413357,-0.487900706110767,0.0,0.0,1.0,1.0,0.0,2.0,0
1.4800292418455985,0.5191429518076219,-1.4245941416643484,-0.4194564544818907,-1.5445759939162966,0.0,0.0,1.0,1.0,0.0,0.0,0
-0.6933970957833155,-0.09750791893639824,1.116465633495374,0.0538808930485986,0.8840381591849071,1.0,0.0,0.0,0.0,1.0,2.0,0
-0.39702077701573635,-0.4829147131514109,-0.9661807334071875,-0.325058132134833,-0.6431687712050158,0.0,1.0,0.0,1.0,0.0,1.0,0
-1.7307142114698428,-0.020426560093395715,0.5584551316886459,4.020021547144527,0.6195182299216088,0.0,1.0,0.0,0.0,1.0,1.0,0
1.331841082461809,-0.27094097633315395,0.6642770435850612,-0.29256370819709865,0.674061444037806,1.0,0.0,0.0,0.0,1.0,0.0,0
-0.8415852551671051,-0.15531893806865013,-0.8554678928096773,-0.25001103705165906,-0.4957082062387545,1.0,0.0,0.0,0.0,1.0,2.0,0
1.5788213481014584,-1.099565583895431,-0.49220527928290686,-0.3681598526260833,-0.10489569061273823,0.0,0.0,1.0,0.0,1.0,1.0,0
0.29452396677528175,-1.0032138853416779,0.06180355358656193,-0.2720980463270239,0.32699174180571,1.0,0.0,0.0,0.0,1.0,2.0,0
0.7884844980545804,0.15300649730335997,0.15517582878928138,-0.29791865285884944,0.38733260616556814,1.0,0.0,0.0,0.0,1.0,1.0,0
-1.3849418395743336,0.8081980474688815,1.2494099681887698,0.8780717892491718,0.9397459905041295,1.0,0.0,0.0,1.0,0.0,0.0,1
0.5415042324149311,-1.1959172824491842,1.4045857969780513,-0.18242322077375597,1.0018448136661104,0.0,1.0,0.0,1.0,0.0,2.0,0
1.677613454357318,1.0972531431301409,-1.6878150317596337,-0.435184440459466,-2.675997329433618,0.0,0.0,1.0,1.0,0.0,0.0,0
-0.29822867075987664,0.8660090666011333,0.44285136239004086,-0.1580434173128412,0.5571513841740544,0.0,0.0,1.0,0.0,1.0,1.0,0
-0.8415852551671051,-0.7526994691019198,0.9710716621082823,0.10047436852904978,0.8202036897644722,0.0,1.0,0.0,0.0,1.0,2.0,0
-1.4343378927022636,1.0201717842871385,1.509963078992549,1.1655055907020855,1.04236097341977,0.0,1.0,0.0,1.0,0.0,2.0,0
0.7390884449266506,1.3477675593698992,1.3863559718194252,-0.20394893835534952,0.9947037398338501,0.0,1.0,0.0,0.0,1.0,2.0,0
-1.7307142114698428,-1.2729986412921868,0.7580939486696985,4.386680764562961,0.7205473918479686,1.0,0.0,0.0,1.0,0.0,2.0,0
0.590900285542861,0.9238200857333853,-0.1938586285161223,-0.31333593751243044,0.14554837140611812,1.0,0.0,0.0,1.0,0.0,1.0,0
-0.6440010426553857,-0.5985367514159147,1.1871617847202902,0.04448537747605787,0.9139634931258742,0.0,1.0,0.0,0.0,1.0,1.0,0
-0.051248405120227304,-1.4849723781104438,-0.1867445504054389,-0.2650836858029067,0.15096101271848034,1.0,0.0,0.0,0.0,1.0,1.0,0
0.93667265743837,-1.2729986412921868,-0.371710581283207,-0.3420191818884299,0.0022145309895106086,1.0,0.0,0.0,1.0,0.0,0.0,0
1.3812371355897388,-1.6584054355071993,-0.4775324931796224,-0.36255579331848903,-0.09136343983034739,1.0,0.0,0.0,1.0,0.0,1.0,0
-1.1873576270626143,-0.0011562203826450818,0.9306103428537705,0.3801531878001763,0.8018582966879931,0.0,1.0,0.0,1.0,0.0,2.0,0
0.8872766043104402,-0.8490511676556729,-0.9990833446690982,-0.38406105002954466,-0.6904789596219417,0.0,1.0,0.0,0.0,1.0,2.0,0
-0.5946049895274559,0.09519547817110807,0.2858970140730886,-0.11351381962843228,0.46730024516248003,0.0,1.0,0.0,0.0,1.0,2.0,0
0.44271212615907135,1.4826599373451537,-1.7976386125933084,-0.43893141859984813,-3.824907986741267,1.0,0.0,0.0,0.0,1.0,0.0,0
-0.44641683014366623,1.3863082387914003,-0.44685303132730025,-0.2495012557760212,-0.06352260842306923,0.0,0.0,1.0,0.0,1.0,1.0,0
0.6896923917987207,-0.7141587896804185,-1.4352652588303734,-0.4121956128088619,-1.5754001758222242,0.0,0.0,1.0,0.0,1.0,0.0,0
1.0354647636942298,1.1357938225516422,-1.208948648934258,-0.4011505148737252,-1.042012166914584,0.0,1.0,0.0,1.0,0.0,2.0,0
1.0848608168221596,0.21081751643561186,0.9226070049792517,-0.2627900801253075,0.7981981911359463,0.0,1.0,0.0,1.0,0.0,1.0,0
0.29452396677528175,-1.6198647560856982,1.6807009536489501,-0.1272278763538904,1.105401983776711,0.0,1.0,0.0,1.0,0.0,0.0,0
-0.5946049895274559,-0.4829147131514109,-1.139586387355095,-0.3325547913487974,-0.9148425544836911,0.0,1.0,0.0,1.0,0.0,0.0,0
1.6282174012293882,0.24935819585711314,0.5384467870023488,-0.3125528582844822,0.6089390505959376,1.0,0.0,0.0,0.0,1.0,0.0,0
-1.7307142114698428,0.8274683871796321,-0.3343616712021192,2.3802627307164337,0.033674372814667404,0.0,0.0,1.0,1.0,0.0,2.0,0
-0.24883261763194678,-0.6756181102589172,-0.539780676648102,-0.28505511238056397,-0.1497833626529493,0.0,0.0,1.0,0.0,1.0,2.0,0
0.6402963386707908,0.09519547817110807,-1.0551067097907298,-0.38227044217464184,-0.7752885556173601,0.0,1.0,0.0,0.0,1.0,2.0,0
-1.3849418395743336,0.6540353297828764,-1.2365157016131563,-0.17554737363576547,-1.0962830484710886,0.0,0.0,1.0,1.0,0.0,0.0,1
0.2451279136473519,0.32643955470011565,-0.47708786329770464,-0.31735513052035563,-0.09095559588558355,0.0,0.0,1.0,1.0,0.0,0.0,0
-1.7307142114698428,0.19154717672486124,1.621120549471977,5.971726512913024,1.0837540935241365,0.0,0.0,1.0,1.0,0.0,0.0,1
0.39331607303114147,0.4613319326753701,1.5304160535607636,-0.15418158634307602,1.0500784494131334,0.0,1.0,0.0,1.0,0.0,0.0,0
0.590900285542861,1.0201717842871385,0.11515913941668733,-0.28906207580471144,0.36181962022716646,1.0,0.0,0.0,0.0,1.0,2.0,0
0.09693975426356229,-0.5985367514159147,1.4912886239520051,-0.11338084470810289,1.0352737262456753,0.0,0.0,1.0,1.0,0.0,1.0,0
0.9860687105662999,0.21081751643561186,-1.1996114214139861,-0.3997480592714352,-1.0241395290252973,1.0,0.0,0.0,0.0,1.0,0.0,0
0.14633580739149216,-0.1360485983578995,-0.6945118755554657,-0.33189014072435946,-0.3077136377121778,0.0,0.0,1.0,1.0,0.0,1.0,0
0.7884844980545804,-0.2516706366224033,1.4623876816273538,-0.2029700955567298,1.0242274445171315,0.0,1.0,0.0,1.0,0.0,0.0,0
-0.5946049895274559,1.251415860816146,1.0955680290452416,0.01090090573113884,0.8750566994019673,0.0,0.0,1.0,1.0,0.0,2.0,0
1.0848608168221596,-1.6584054355071993,-1.2534116371260293,-0.40479782966823635,-1.1307197950190986,0.0,0.0,1.0,0.0,1.0,1.0,0
0.44271212615907135,-1.5042427178211943,0.6327083219689037,-0.23560010664321152,0.6580319214913023,0.0,0.0,1.0,1.0,0.0,2.0,0
-1.0885655208067544,0.6154946503613752,-0.6780605699245104,-0.14005903024117075,-0.28996629834295456,0.0,0.0,1.0,1.0,0.0,1.0,0
-0.4958128832715961,1.2706862005268966,0.03557039055341694,-0.17362046375598764,0.3095142842927654,1.0,0.0,0.0,1.0,0.0,0.0,0
0.04754370113563242,0.4227912532538688,-1.42815118071969,-0.4002079354372032,-1.5547684939360142,0.0,0.0,1.0,1.0,0.0,0.0,0
-0.29822867075987664,-0.29021131604390454,0.33747408037554316,-0.1711118503801901,0.4975274165253654,0.0,0.0,1.0,0.0,1.0,1.0,0
1.5294252949735283,0.731116688625879,-1.014645390536218,-0.3966170365339679,-0.7134792762299251,0.0,0.0,1.0,0.0,1.0,1.0,0
-1.6813181583419128,-1.0802952441846805,1.2889820276794461,3.488511881949346,0.9558704227324624,0.0,1.0,0.0,0.0,1.0,0.0,1
-1.4343378927022636,0.8660090666011333,1.3205507492956037,1.0753152264076231,0.9685896948383962,1.0,0.0,0.0,1.0,0.0,0.0,1
-0.24883261763194678,0.44206159296461944,-1.5553153269481554,-0.40707387823793983,-1.9855963120708489,0.0,0.0,1.0,1.0,0.0,1.0,0
-0.39702077701573635,0.6925760092043777,-1.2818679495687628,-0.3668990227869031,-1.1908977325851122,1.0,0.0,0.0,0.0,1.0,0.0,0
0.34392001990321164,-0.7141587896804185,0.9590666552965041,-0.1975510546144972,0.8147879217701429,1.0,0.0,0.0,0.0,1.0,1.0,0
