CustomerID,Tenure,MonthlyCharges,TotalCharges,Contract,PaperlessBilling,SeniorCitizen,Churn,PM_Bank Transfer,PM_Credit Card,PM_Electronic Check
C00001,-1.4788065081594703,-0.9591853957110609,-1.1946210022510177,1,0,1,0,0,1,0
C00002,-0.7522868690139163,-0.012290311702639832,-1.1003046928351623,0,1,1,0,0,0,1
C00003,-0.4616790133556946,-1.5968902482065281,-1.2322589661024155,2,0,1,0,0,1,0
C00004,0.7976216944965991,-1.6355390271456474,1.2894846119412304,0,0,1,0,0,0,1
C00005,-0.9944600820624343,1.3790657301056524,-1.4235483823824602,1,0,1,0,0,0,1
C00006,0.8944909797160063,-1.3456731851022532,1.4612908469334926,2,0,0,0,0,0,1
C00007,1.4272720484227461,-0.28283176427647444,-0.026515724133522142,2,0,1,0,1,0,0
C00008,1.185098835374228,0.2775755303407544,-0.5091672605808574,0,0,1,0,1,0,0
C00009,1.3304027632033388,0.2002779724625159,1.6539086619377046,0,0,1,0,0,1,0
C00010,-1.0913293672818414,0.12298041458427747,0.7111883673538727,1,1,1,0,1,0,0
C00011,1.0882295501548207,-1.0944561219979783,0.41185585484158044,1,1,0,0,0,1,0
C00012,-1.4303718655497668,-0.07026348011131868,1.3479341558045774,0,0,1,1,0,0,1
C00013,0.7976216944965991,-0.5340488273807494,-0.3541874094280433,0,1,1,0,1,0,0
C00014,-1.381937222940063,0.8573072144275428,0.8661682185066868,0,0,1,1,0,1,0
C00015,0.7976216944965991,-1.0751317325284186,-1.5364622739366534,0,1,1,0,0,1,0
C00016,1.3788374058130424,-0.7079683326067859,-0.07389527862881101,0,1,1,0,0,1,0
C00017,-0.8491561542333235,1.4177145090447716,0.28167277987321665,2,0,0,0,0,1,0
C00018,0.2648406257898595,-0.2441829853373552,-0.22223313616079018,1,1,0,0,1,0,0
C00019,-1.4303718655497668,0.8186584354884235,0.5097145608552145,1,1,0,1,1,0,0
C00020,-0.5101136559653983,-0.16688542745911675,1.1646151318695344,0,1,1,0,1,0,0
C00021,0.07110205535104507,0.4514950355667909,-1.4337327726010738,0,0,1,0,0,0,1
C00022,-0.5585482985751018,0.12298041458427747,0.2732595879534925,2,1,0,0,0,1,0
C00023,1.1366641927645245,-1.4229707429804916,-1.0994190936857178,1,0,1,0,0,1,0
C00024,-0.3163750855265838,-0.26350737480691483,-0.23374592510357065,2,0,1,0,0,1,0
C00025,-0.5585482985751018,1.5336608458621293,1.4732464354509955,0,0,0,0,1,0,0
C00026,0.5070138388383775,1.301768172227414,-0.4175077486133359,1,0,1,0,0,1,0
C00027,1.1366641927645245,-0.2441829853373552,-0.22001913828717853,0,0,1,0,1,0,0
C00028,-0.8007215116236198,-1.1137805114675379,-0.12747402717021245,1,0,1,0,1,0,0
C00029,-0.02576722986836215,1.1858218354100563,-0.24614431319579577,1,0,0,0,1,0,0
C00030,-0.12263651508776936,1.4756876774534504,1.4621764460829374,1,0,1,0,1,0,0
C00031,-0.413244370745991,-0.2441829853373552,0.17938607811235938,1,1,1,0,0,0,1
C00032,-1.285067937720656,1.591634014270808,0.2599756007118227,0,1,0,1,0,1,0
C00033,0.3132752683995631,1.3210925616969735,1.2801858208720616,1,1,0,0,0,0,1
C00034,-0.21950580030717656,1.5723096248012485,1.2846138166192846,1,1,1,0,1,0,0
C00035,1.1366641927645245,-1.3456731851022532,-1.3000073010349313,1,0,1,0,0,1,0
C00036,0.6523177666674883,0.04568285670603901,-1.5710006407649948,0,0,1,0,0,1,0
C00037,0.02266741274134146,-1.3843219640413724,-1.457201150061357,0,0,0,0,0,0,1
C00038,1.2335334779839315,1.0119023301840198,0.8798950053230788,2,1,1,0,0,0,1
C00039,0.6523177666674883,-0.5726976063198687,-1.496610312211644,0,0,0,0,0,1,0
C00040,-0.5101136559653983,0.7220364881406255,-1.0121875774654194,2,0,0,0,0,0,1
C00041,0.2648406257898595,-1.8094585323716839,-1.0130731766148642,2,1,1,0,0,1,0
C00042,-1.4303718655497668,0.6640633197319467,-0.6805306959983974,2,1,0,0,0,1,0
C00043,1.2819681205936353,-0.47607565897207055,1.0224764683836678,1,1,0,0,0,0,1
C00044,0.2648406257898595,0.1809535829929563,-0.1438576114349385,0,0,1,0,0,1,0
C00045,-0.12263651508776936,-0.3987781010938321,-0.39581056945194193,2,1,0,0,0,1,0
C00046,-0.21950580030717656,1.0891998880622582,0.23695002282626174,2,0,1,0,0,1,0
C00047,-0.7038522264042126,-1.307024406163134,1.4688184397037722,0,0,1,0,1,0,0
C00048,0.02266741274134146,0.9346047723057812,-0.2226759357355125,0,1,1,0,0,0,1
C00049,0.94292562232571,-1.2490512377544551,-0.3816409830608275,0,0,0,0,1,0,0
C00050,0.6038831240577848,0.14230480405383708,0.4087562578185242,1,1,0,0,1,0,0
C00051,1.669445261471264,1.1278486670013774,-1.692327724238912,0,0,1,0,0,0,1
C00052,-0.2679404429168802,0.7800096565493043,1.4608480473587704,2,1,1,0,0,1,0
C00053,0.7976216944965991,-1.2683756272240148,-1.2136613839640777,1,0,0,0,0,1,0
C00054,0.6038831240577848,-0.8818878378328224,-0.7186114594245174,0,1,1,0,1,0,0
C00055,-1.3335025803303595,0.8379828249579832,1.2328062663767727,0,0,0,1,1,0,0
C00056,0.5070138388383775,-1.152429290406657,1.1464603493059191,2,1,0,0,1,0,0
C00057,1.0397949075451172,0.14230480405383708,-0.31035025153053303,1,0,1,0,0,1,0
C00058,1.0882295501548207,-0.804590279954584,1.2465330531931647,0,1,0,0,1,0,0
C00059,-0.02576722986836215,-1.4616195219196109,-0.19743635997633993,1,1,1,0,1,0,0
C00060,-0.5101136559653983,1.3210925616969735,1.2558318442623335,0,0,0,0,0,1,0
C00061,-0.655417583794509,1.4177145090447716,0.6066876677194039,0,0,1,0,0,0,1
C00062,-1.285067937720656,1.5723096248012485,0.020421030787044398,2,0,0,1,0,0,1
C00063,0.7976216944965991,0.2775755303407544,0.6930335847902573,1,0,0,0,1,0,0
C00064,-0.5585482985751018,1.2051462248796159,0.11429454062817748,1,0,1,0,1,0,0
C00065,1.3788374058130424,1.2824437827578543,-0.042456508823525876,1,1,0,0,0,1,0
C00066,-1.6241104359885812,0.5094682039754698,-0.7513786279539696,1,0,1,0,0,0,1
C00067,0.7976216944965991,-1.0171585641197398,-0.2687270915066344,1,0,0,0,1,0,0
C00068,1.2335334779839315,-0.9978341746501801,-0.5410488299608648,2,1,0,0,0,1,0
C00069,-1.6725450785982847,-0.22485859586779558,-1.2862805142185392,2,1,0,1,0,1,0
C00070,0.7976216944965991,-1.7901341429021242,1.1469031488806414,1,0,0,0,0,1,0
C00071,1.5725759762518567,0.7606852670797447,-1.2486425503671414,0,0,0,0,0,0,1
C00072,1.5241413336421532,0.7606852670797447,-1.0219291681093108,1,1,0,0,0,0,1
C00073,-1.1397640098915451,0.21960236193207552,-0.23994511914968322,2,0,1,0,0,1,0
C00074,-1.6725450785982847,0.7413608776101851,-0.9741068140392994,0,0,0,1,1,0,0
C00075,1.6210106188615605,-0.7079683326067859,1.4856448235432207,2,1,0,0,0,0,1
C00076,-0.07420187247806576,1.0891998880622582,-1.4620719453833027,1,1,0,0,1,0,0
C00077,-1.5756757933788776,-1.3649975745718128,1.3567901472990238,0,1,0,1,0,1,0
C00078,0.2164059831801559,-0.08958786958087829,1.6379678772477009,2,1,1,0,1,0,0
C00079,-1.381937222940063,-0.3601293221547129,-0.19743635997633993,1,1,1,0,1,0,0
C00080,0.5070138388383775,0.4708194250363505,0.9600417283478199,2,1,0,0,0,1,0
C00081,-0.07420187247806576,0.49014381450591016,0.4308962365546405,2,0,0,0,1,0,0
C00082,-0.3163750855265838,0.9346047723057812,-0.1420864131360492,1,0,0,0,0,1,0
C00083,-0.4616790133556946,0.548116982914589,-1.031670758753202,2,0,1,0,1,0,0
C00084,0.6523177666674883,0.5287925934450294,0.0770993763515021,0,0,0,0,0,1,0
C00085,0.700752409277192,0.43217064609723127,0.2156956432395901,2,1,1,0,1,0,0
C00086,1.2819681205936353,-1.6355390271456474,1.5263823844176747,2,1,1,0,0,1,0
C00087,0.3132752683995631,-0.20553420639823597,-0.6118967619164369,1,0,1,0,0,0,1
C00088,0.16797134057045227,-0.1089122590504379,-0.7031134743092361,1,0,1,0,0,0,1
C00089,0.2164059831801559,1.2244706143491755,-0.07212408032992171,1,1,0,0,1,0,0
C00090,-0.7522868690139163,0.23892675140163516,1.548522363153791,1,1,0,0,0,1,0
C00091,-1.6241104359885812,1.4370388985143312,-0.8040717773459264,2,0,1,0,0,1,0
C00092,0.2648406257898595,0.1616291935233967,-1.30354969763271,2,0,0,0,1,0,0
C00093,-0.897590796843027,-1.6355390271456474,1.4307376762776522,0,1,0,0,0,0,1
C00094,0.8944909797160063,1.5336608458621293,0.04698900527038395,2,0,1,0,1,0,0
C00095,-0.7522868690139163,0.5094682039754698,-0.4724148958789043,1,0,1,0,0,0,1
C00096,-0.8007215116236198,0.7027120986710659,-1.0883491043176596,0,1,0,0,0,0,1
C00097,-1.0428947246721378,-1.4229707429804916,-1.6507045642150133,0,0,0,0,1,0,0
C00098,0.2648406257898595,1.1278486670013774,-1.359342444047723,0,0,1,0,1,0,0
C00099,-1.285067937720656,0.5674413723841486,-0.391825373279441,2,0,1,1,0,0,1
C00100,0.11953669796074867,-0.5726976063198687,1.4736892350257178,1,0,1,0,0,0,1
C00101,1.4272720484227461,1.0891998880622582,-1.4076075976924565,0,0,1,0,0,0,1
C00102,0.6523177666674883,0.3162243092798736,-1.3952092096002313,1,1,1,0,0,0,1
C00103,0.3617099110092667,-0.6886439431372263,0.9436581440830938,1,1,1,0,1,0,0
C00104,-1.4303718655497668,-1.4422951324500513,1.0685276241547896,1,1,1,0,0,0,1
C00105,-1.6241104359885812,0.0263584672364794,0.579676893661342,2,0,0,1,1,0,0
C00106,-0.7522868690139163,-0.7466171115459052,1.234577464675662,2,1,1,0,1,0,0
C00107,-1.6241104359885812,-1.055807343058859,1.2722154285270597,0,1,1,1,0,1,0
C00108,-0.897590796843027,-1.1137805114675379,1.6326542823510328,1,0,0,0,0,0,1
C00109,0.5554484814480811,0.7413608776101851,-0.08673646629575846,1,1,1,0,0,0,1
C00110,-0.21950580030717656,-1.7321609744934454,-0.5751443972144838,2,1,1,0,0,0,1
C00111,0.2164059831801559,-0.49540004844163016,-0.3440030192094298,1,1,1,0,1,0,0
C00112,0.8944909797160063,-0.5147244379111898,-0.391825373279441,2,0,1,0,0,1,0
C00113,-1.0428947246721378,-0.22485859586779558,-1.1034042898582186,0,0,1,0,0,1,0
C00114,-0.2679404429168802,-0.05093909064175906,-0.7522642271034142,0,0,0,0,0,1,0
C00115,-0.17107115769747297,0.895955993366662,-0.8514513318412152,1,0,0,0,1,0,0
C00116,1.6210106188615605,0.9732535512449004,0.479161390199374,1,0,0,0,0,1,0
C00117,-1.0913293672818414,1.4177145090447716,-0.8913032935662245,2,1,0,0,0,0,1
C00118,-0.07420187247806576,-0.30215615374603405,-0.09514965821548266,2,1,0,0,1,0,0
C00119,0.94292562232571,-0.5920219957894283,-1.6276789863294525,0,1,0,0,1,0,0
C00120,1.2335334779839315,-0.7466171115459052,-0.7912305896789789,1,0,0,0,0,1,0
C00121,-0.3163750855265838,-0.12823664851999753,1.1814415157089828,1,1,1,0,0,1,0
C00122,-1.0428947246721378,0.644738930262387,-0.68672989004451,1,0,0,0,0,0,1
C00123,0.2164059831801559,0.007034077766919783,-0.8054001760700933,2,0,1,0,1,0,0
C00124,-0.4616790133556946,-1.2297268482848955,-0.6583907172622812,2,1,1,0,0,0,1
C00125,-1.5756757933788776,1.2244706143491755,-1.45587275133719,0,1,0,1,0,1,0
C00126,1.2335334779839315,1.3404169511665331,1.3151669872751253,2,1,1,0,0,0,1
C00127,-0.2679404429168802,-0.9978341746501801,0.7302287490669328,1,0,1,0,1,0,0
C00128,-1.1397640098915451,0.4514950355667909,1.279743021297339,1,1,0,0,1,0,0
C00129,-0.8007215116236198,1.2631193932882947,-0.6845158921708984,0,1,1,0,1,0,0
C00130,-1.381937222940063,1.1664974459404966,-0.11463283950326499,2,1,0,1,0,1,0
C00131,-1.6725450785982847,0.21960236193207552,1.602986710844637,0,0,1,1,0,0,1
C00132,-1.6241104359885812,-0.6693195536676667,-1.4819979262458072,0,0,1,1,0,1,0
C00133,0.5554484814480811,-0.4181024905633917,0.7395275401361016,2,1,0,0,1,0,0
C00134,-1.0428947246721378,-1.654863416615207,1.032218059027559,0,0,1,0,0,1,0
C00135,1.3304027632033388,-0.2441829853373552,0.6500820260421918,0,1,1,0,1,0,0
C00136,0.7491870518868955,0.7413608776101851,0.03547621632760348,2,1,0,0,1,0,0
C00137,-1.285067937720656,0.39352186715811205,0.10543854913373096,0,0,0,1,0,0,1
C00138,-0.3163750855265838,1.4370388985143312,-0.06326808883547519,2,1,0,0,0,0,1
C00139,-0.4616790133556946,-0.901212227302382,-0.29706626428886324,0,1,1,0,0,1,0
C00140,-1.6725450785982847,1.3597413406360928,0.34676431735739854,1,1,1,1,0,0,1
C00141,0.45857919622867394,-0.031614701172199444,1.1420323535586958,2,0,0,0,0,0,1
C00142,-1.2366332951109522,0.0263584672364794,-1.1180166758240555,2,1,1,1,1,0,0
C00143,1.3304027632033388,1.0312267196535794,-0.2483583110694074,0,0,0,0,1,0,0
C00144,1.3788374058130424,-1.2877000166935744,0.5765772966382857,1,1,1,0,1,0,0
C00145,-0.7522868690139163,1.147173056470937,1.5113271988771155,2,1,0,0,1,0,0
C00146,-0.36480972813628737,-1.3843219640413724,-0.965250822544853,1,0,1,0,0,1,0
C00147,-1.4788065081594703,0.37419747768855244,1.4214388852084834,1,0,0,1,0,1,0
C00148,-0.12263651508776936,-1.7321609744934454,-0.9891619995798586,2,1,1,0,1,0,0
C00149,-0.8007215116236198,0.007034077766919783,-1.3230328789204924,1,1,0,0,1,0,0
C00150,0.2648406257898595,0.3548730882189928,-0.4865844822700187,0,0,0,0,0,0,1
C00151,-1.5272411507691739,-0.16688542745911675,0.7647671158952741,1,0,0,1,0,1,0
C00152,0.4101445536189703,0.49014381450591016,1.5126555976012825,0,0,1,0,0,1,0
C00153,-0.7522868690139163,0.8186584354884235,0.9423297453589269,2,0,0,0,0,0,1
C00154,0.02266741274134146,0.8573072144275428,-0.3909397741299963,2,0,0,0,0,0,1
C00155,1.5241413336421532,-1.4229707429804916,0.7448411350327695,0,1,1,0,1,0,0
C00156,-0.5101136559653983,0.6640633197319467,0.1607884959740217,1,1,0,0,1,0,0
C00157,-0.5101136559653983,-0.6886439431372263,0.6173148575127396,2,1,1,0,0,0,1
C00158,-1.7209797212079883,-0.5340488273807494,1.319152183447626,2,1,0,0,1,0,0
C00159,0.5070138388383775,1.3210925616969735,-0.4374337294758405,1,0,1,0,0,0,1
C00160,-0.3163750855265838,0.7800096565493043,-0.06282528926075287,1,1,0,0,1,0,0
C00161,0.700752409277192,-0.6886439431372263,-1.440817565796631,0,1,1,0,0,0,1
C00162,-1.1397640098915451,-0.45675126950251094,-1.7228808948947525,1,1,0,0,0,0,1
C00163,1.3304027632033388,1.3790657301056524,-0.1425292127107715,1,1,1,0,0,1,0
C00164,1.1366641927645245,1.1085242775318178,-1.779116440884488,0,0,1,0,0,1,0
C00165,1.5725759762518567,-1.2683756272240148,-0.36260060134776745,1,1,1,0,1,0,0
C00166,0.16797134057045227,-0.16688542745911675,-1.5262778837180397,1,1,0,0,0,1,0
C00167,-0.655417583794509,-0.07026348011131868,1.1004091935347973,2,1,1,0,1,0,0
C00168,0.2648406257898595,-0.6499951641981071,0.7058747724572049,1,0,1,0,0,0,1
C00169,-1.1397640098915451,-0.28283176427647444,-0.5755871967892062,0,0,0,0,0,1,0
C00170,-0.6069829411848054,-0.5726976063198687,1.170814325915647,1,1,0,0,0,1,0
C00171,-0.7038522264042126,-1.0171585641197398,0.49820177191243403,2,1,1,0,1,0,0
C00172,-1.285067937720656,0.0263584672364794,-0.23064632808051436,1,1,0,1,0,0,1
C00173,1.2335334779839315,0.895955993366662,-1.0746223175012675,0,1,1,0,0,1,0
C00174,-1.5272411507691739,0.6060901513232678,-1.3938808108760643,0,0,1,1,0,1,0
C00175,-0.8007215116236198,-0.7272927220763455,0.9556137326005967,2,1,1,0,0,1,0
C00176,1.5241413336421532,-0.901212227302382,-1.08082151154738,2,0,1,0,0,0,1
C00177,0.2648406257898595,-1.2297268482848955,-1.7529912659758706,1,0,0,0,0,0,1
C00178,-1.6241104359885812,1.2824437827578543,-0.44540412182084244,1,0,0,0,1,0,0
C00179,1.5241413336421532,1.5336608458621293,-0.42193574436055914,1,0,0,0,0,1,0
C00180,0.7491870518868955,-1.4422951324500513,-0.44496132224612006,2,1,1,0,0,1,0
C00181,-1.5756757933788776,0.41284625662767166,0.22322323600986965,0,0,1,1,0,1,0
C00182,-1.1397640098915451,-0.9591853957110609,0.026177425258434635,0,1,1,0,1,0,0
C00183,0.94292562232571,0.7220364881406255,-1.55107465990249,2,1,1,0,0,1,0
C00184,1.185098835374228,-1.6355390271456474,-0.8625213212092734,1,1,0,0,0,1,0
C00185,0.5070138388383775,0.3162243092798736,-0.8629641207839956,0,1,0,0,1,0,0
C00186,1.0882295501548207,-0.3987781010938321,1.3745021302879168,0,0,0,0,1,0,0
C00187,0.5070138388383775,1.649607182679487,1.1809987161342606,2,1,1,0,0,0,1
C00188,0.6038831240577848,0.9539291617753408,-0.20452115317189715,1,0,0,0,1,0,0
C00189,-0.2679404429168802,-0.26350737480691483,0.32462433862128226,1,1,0,0,0,0,1
C00190,0.7491870518868955,1.3790657301056524,1.369188535391249,2,1,0,0,0,1,0
C00191,0.45857919622867394,-1.210402458815336,-1.6701877455027958,1,1,0,0,1,0,0
C00192,0.3132752683995631,-1.5968902482065281,1.6623218538574287,0,0,0,0,0,1,0
C00193,1.3788374058130424,0.8573072144275428,-0.232860325954126,1,0,0,0,0,1,0
C00194,1.669445261471264,0.4708194250363505,0.8825518027714129,0,0,0,0,0,0,1
C00195,-0.4616790133556946,0.14230480405383708,0.03503341675288115,1,0,0,0,1,0,0
C00196,-0.3163750855265838,0.37419747768855244,-0.5352924354894746,0,1,1,0,0,1,0
C00197,0.02266741274134146,0.7413608776101851,-0.6588335168370035,1,0,0,0,0,1,0
C00198,0.02266741274134146,-1.5389170797978493,1.2173082812614913,0,0,1,0,0,0,1
C00199,-1.6241104359885812,-0.9785097851806205,-1.1968350001246295,2,0,0,0,0,0,1
C00200,0.2648406257898595,0.5674413723841486,1.3603325438968024,1,1,0,0,0,0,1
C00201,0.6523177666674883,1.0891998880622582,-0.4662157018327917,2,0,0,0,0,0,1
C00202,0.6523177666674883,1.0698754985926986,-1.8061272149425498,1,0,0,0,1,0,0
C00203,-0.36480972813628737,1.4563632879838908,0.3529635114035111,1,1,1,0,0,1,0
C00204,-1.0428947246721378,-1.1331049009370975,0.5238841472463289,2,0,0,0,0,1,0
C00205,1.5725759762518567,-1.4229707429804916,-0.37278499156638095,0,1,0,0,0,1,0
C00206,1.5725759762518567,-0.3794537116242725,0.676207200950809,0,1,0,0,0,0,1
C00207,0.9913602649354136,-1.5775658587369685,0.05008860229344023,1,0,0,0,1,0,0
C00208,1.6210106188615605,1.1085242775318178,0.24934841091848686,0,0,0,0,0,0,1
C00209,0.45857919622867394,1.649607182679487,-0.09514965821548266,0,1,0,0,0,0,1
C00210,1.3788374058130424,-0.6113463852589879,1.5516219601768473,2,1,0,0,0,1,0
C00211,1.3788374058130424,-0.012290311702639832,-0.5676168044442044,0,1,0,0,0,1,0
C00212,0.700752409277192,0.895955993366662,0.017764233338710442,2,0,1,0,0,1,0
C00213,0.3617099110092667,-1.055807343058859,-1.0383127523740368,0,1,0,0,0,1,0
C00214,-1.4303718655497668,0.548116982914589,-0.5042964652589117,0,0,1,1,1,0,0
C00215,1.0882295501548207,-1.6355390271456474,-1.2597125397351996,1,1,0,0,0,0,1
C00216,-1.381937222940063,-0.22485859586779558,-0.9196424663484534,1,1,1,0,1,0,0
C00217,-1.285067937720656,0.7413608776101851,0.4481654199688112,0,1,1,1,0,1,0
C00218,1.4757066910324497,1.3210925616969735,0.8657254189319644,2,1,0,0,1,0,0
C00219,0.4101445536189703,1.2244706143491755,-0.5078388618566904,1,0,0,0,1,0,0
C00220,-0.17107115769747297,1.6302827932099273,-0.8908604939915022,2,1,0,0,1,0,0
C00221,0.9913602649354136,0.08433163564515823,0.519898951073828,2,0,1,0,0,1,0
C00222,1.4757066910324497,-1.4809439113891705,-1.3243612776446592,0,0,1,0,0,1,0
C00223,-0.2679404429168802,-0.8432390588937032,-1.3203760814721583,0,0,0,0,0,1,0
C00224,-0.8491561542333235,-1.3649975745718128,0.83251545082779,1,1,0,0,0,0,1
C00225,0.16797134057045227,0.8186584354884235,1.2336918655262172,1,0,0,0,0,0,1
C00226,-0.6069829411848054,0.548116982914589,1.2283782706295494,1,1,0,0,0,1,0
C00227,0.9913602649354136,0.1809535829929563,0.7049891733077602,0,1,0,0,1,0,0
C00228,0.7976216944965991,1.3404169511665331,-0.09514965821548266,2,1,1,0,0,0,1
C00229,-0.6069829411848054,-1.5775658587369685,-1.1525550426523967,1,0,1,0,1,0,0
C00230,-0.21950580030717656,0.6833877092015063,0.5486809234307791,2,0,1,0,1,0,0
C00231,-0.17107115769747297,-0.28283176427647444,-0.44850371884389867,1,0,1,0,0,1,0
C00232,-0.8007215116236198,0.7220364881406255,-0.6893866874928439,1,0,1,0,0,1,0
C00233,-1.1881986525012487,-1.1910780693457763,1.426309680530429,2,0,0,0,0,0,1
C00234,1.185098835374228,-1.7321609744934454,-1.780444839608655,1,0,1,0,0,0,1
C00235,1.3788374058130424,-0.3794537116242725,1.3040969979070671,1,0,1,0,1,0,0
C00236,-1.1397640098915451,0.0263584672364794,0.9153189713008649,2,0,1,0,0,1,0
C00237,1.185098835374228,-1.210402458815336,-1.5178646917983156,1,0,0,0,1,0,0
C00238,-0.17107115769747297,0.7220364881406255,1.0924388011897954,0,0,1,0,1,0,0
C00239,-0.7522868690139163,0.4708194250363505,0.9591561291983752,2,1,1,0,0,1,0
C00240,0.94292562232571,-0.1089122590504379,0.9476433402555947,2,1,1,0,1,0,0
C00241,1.5725759762518567,0.14230480405383708,1.5192975912221174,1,1,0,0,0,0,1
C00242,-0.9944600820624343,1.591634014270808,1.5347955763373988,2,0,0,0,0,0,1
C00243,-0.413244370745991,-1.558241469267409,-1.3898956147035635,2,0,1,0,0,1,0
C00244,0.7976216944965991,0.1809535829929563,0.14307651298512866,1,1,1,0,1,0,0
C00245,-0.655417583794509,-0.18620981692867636,-0.5521188193289229,2,0,0,0,0,0,1
C00246,-1.0428947246721378,-1.0364829535892994,-0.5339640367653076,0,0,1,0,1,0,0
C00247,0.3132752683995631,0.3162243092798736,1.1593015369728665,1,0,0,0,1,0,0
C00248,1.1366641927645245,-1.2683756272240148,0.22543723388348128,1,0,1,0,1,0,0
C00249,0.5554484814480811,-0.6693195536676667,-0.5113812584544689,1,1,1,0,1,0,0
C00250,1.0397949075451172,-0.45675126950251094,-0.17573918081494597,2,0,1,0,0,0,1
C00251,-0.6069829411848054,-1.2683756272240148,-1.1507838443535074,0,1,0,0,0,0,1
C00252,-1.3335025803303595,0.4708194250363505,-1.6484905663414018,2,0,0,1,0,1,0
C00253,0.8944909797160063,-0.8239146694241436,-1.0064311829940293,2,1,1,0,0,1,0
C00254,-0.5101136559653983,1.3210925616969735,-0.1575843982513306,0,1,0,0,0,0,1
C00255,-0.2679404429168802,-0.49540004844163016,-0.0034901462479611984,2,0,1,0,0,0,1
C00256,-0.36480972813628737,1.243795003818735,1.6485950670410365,2,1,0,0,0,0,1
C00257,1.3788374058130424,-1.6162146376760878,1.1207779739720243,0,0,0,0,0,1,0
C00258,0.6523177666674883,0.12298041458427747,-1.0622239294090423,2,1,0,0,0,1,0
C00259,0.8460563371063028,1.49501206692301,1.0787120143734032,2,0,1,0,0,1,0
C00260,-0.2679404429168802,-0.553373216850309,-1.019715170235699,1,1,0,0,0,0,1
C00261,0.6038831240577848,-1.403646353510932,1.2708870298028927,2,1,1,0,1,0,0
C00262,0.3617099110092667,1.2051462248796159,-0.07478087777825566,2,0,0,0,1,0,0
C00263,-1.7209797212079883,-1.4422951324500513,-0.8009721803228701,0,1,1,1,0,1,0
C00264,1.669445261471264,0.8186584354884235,-1.516979092648871,1,0,0,0,0,1,0
C00265,-0.12263651508776936,1.1278486670013774,-1.159639835847954,2,1,1,0,0,0,1
C00266,-1.4788065081594703,0.0263584672364794,-1.1339574605140592,2,1,1,0,1,0,0
C00267,-0.36480972813628737,-0.4181024905633917,-1.0830355094209916,0,1,0,0,0,1,0
C00268,1.5725759762518567,1.2244706143491755,-0.923184862946232,2,0,0,0,1,0,0
C00269,-0.8491561542333235,-0.9785097851806205,-1.3513720517027212,2,0,1,0,0,0,1
C00270,0.3132752683995631,-0.6306707747285475,1.3058681962059564,2,0,1,0,0,1,0
C00271,-1.381937222940063,0.895955993366662,1.3036541983323449,0,0,1,1,1,0,0
C00272,0.3132752683995631,-0.553373216850309,0.8652826193572422,1,1,1,0,0,1,0
C00273,-0.36480972813628737,-0.9591853957110609,0.8382718452991803,1,1,0,0,0,0,1
C00274,1.4757066910324497,0.548116982914589,-1.4301903760032952,0,0,1,0,0,0,1
C00275,1.4272720484227461,1.591634014270808,-0.5530044184783676,0,0,0,0,0,0,1
C00276,0.6038831240577848,-0.3794537116242725,0.12536452999623562,1,1,1,0,1,0,0
C00277,1.0397949075451172,1.1664974459404966,-1.215432582262967,2,0,0,0,0,1,0
C00278,-1.6241104359885812,-0.804590279954584,0.019535431637599746,1,1,0,0,0,1,0
C00279,1.4272720484227461,0.2775755303407544,1.2615882387337238,1,0,1,0,0,0,1
C00280,0.9913602649354136,-1.3649975745718128,0.8728102121275216,2,0,1,0,1,0,0
C00281,-0.9460254394527307,-1.7128365850238858,1.5591495529471269,2,0,1,0,0,1,0
C00282,-0.897590796843027,0.8573072144275428,1.4333944737259863,2,1,0,0,0,0,1
C00283,-1.6725450785982847,-1.1137805114675379,1.4413648660709881,0,0,1,1,0,0,1
C00284,-1.1397640098915451,-0.3794537116242725,-1.7609616583208725,0,1,0,0,1,0,0
C00285,-0.5101136559653983,1.1085242775318178,1.018491272211167,2,1,0,0,0,1,0
C00286,0.5554484814480811,-0.6499951641981071,0.8626258219089082,0,1,1,0,0,0,1
C00287,-1.2366332951109522,-1.0364829535892994,-1.5988970139725014,1,0,0,0,0,0,1
C00288,0.2648406257898595,-0.5920219957894283,-1.3571284461741113,1,1,0,0,1,0,0
C00289,-0.7038522264042126,-1.0751317325284186,0.9892665002794934,1,0,1,0,0,0,1
C00290,0.9913602649354136,0.1809535829929563,0.5668357059943945,1,1,1,0,0,1,0
C00291,1.2819681205936353,1.2244706143491755,0.5911896826041224,1,1,0,0,0,1,0
C00292,1.3788374058130424,-1.055807343058859,0.9662409223939324,2,0,0,0,0,1,0
C00293,-1.1397640098915451,0.5094682039754698,-1.5546170565002686,1,1,0,0,1,0,0
C00294,1.6210106188615605,0.2775755303407544,0.5247697463957736,0,1,0,0,1,0,0
C00295,-1.4788065081594703,-1.055807343058859,1.0711844216031237,2,0,0,0,0,1,0
C00296,1.4272720484227461,-1.3456731851022532,-0.9931471957523595,1,1,0,0,0,0,1
C00297,-1.0428947246721378,0.9539291617753408,0.1864708713079166,0,0,0,0,0,1,0
C00298,1.4272720484227461,0.43217064609723127,1.2846138166192846,0,0,0,0,1,0,0
C00299,0.5070138388383775,1.5336608458621293,0.4344386331524191,2,0,1,0,0,1,0
C00300,-0.5101136559653983,-0.3987781010938321,-0.48127088737335083,1,1,0,0,0,0,1
C00301,-1.0913293672818414,1.2051462248796159,0.6274992477313531,1,1,1,0,0,1,0
C00302,1.3788374058130424,-0.5726976063198687,-1.348272454679665,0,0,1,0,0,0,1
C00303,1.0397949075451172,0.2775755303407544,1.313395788976236,0,1,0,0,1,0,0
C00304,-0.7522868690139163,1.2631193932882947,-1.504580704556646,1,1,1,0,1,0,0
C00305,1.185098835374228,-1.0171585641197398,1.432951674151264,0,0,1,0,0,1,0
C00306,-1.2366332951109522,-0.49540004844163016,1.4046125013690351,1,0,0,0,0,1,0
C00307,-0.8007215116236198,-0.12823664851999753,-0.863406920358718,2,1,1,0,1,0,0
C00308,0.8944909797160063,1.0698754985926986,-1.2065765907685206,2,0,0,0,0,0,1
C00309,-1.3335025803303595,0.6833877092015063,-1.2428861558957514,0,0,0,1,0,0,1
C00310,0.2164059831801559,-0.30215615374603405,1.5024712073826691,1,1,0,0,1,0,0
C00311,1.0397949075451172,-0.804590279954584,0.8077186746433398,0,0,0,0,1,0,0
C00312,1.185098835374228,1.2244706143491755,0.7085315699055388,0,1,1,0,0,1,0
C00313,-0.21950580030717656,-0.26350737480691483,1.622027092557697,1,1,0,0,0,1,0
C00314,0.45857919622867394,1.5143364563925696,-1.8016992191953265,0,1,0,0,1,0,0
C00315,-0.413244370745991,1.3790657301056524,0.03636181547704813,1,0,0,0,0,1,0
C00316,0.11953669796074867,1.0119023301840198,-1.5200786896719274,1,0,1,0,0,1,0
C00317,1.185098835374228,-0.28283176427647444,1.0198196709353338,0,0,0,0,0,0,1
C00318,0.07110205535104507,-0.9785097851806205,0.5725921004657848,0,0,1,0,0,0,1
C00319,-0.12263651508776936,-0.45675126950251094,1.6264550883049202,0,0,0,0,0,0,1
C00320,0.3132752683995631,-0.9785097851806205,0.05008860229344023,2,1,0,0,1,0,0
C00321,-0.5585482985751018,0.8186584354884235,-0.37942698518721585,1,0,1,0,1,0,0
C00322,0.7491870518868955,-1.0364829535892994,-0.9488672382801269,2,1,1,0,1,0,0
C00323,-0.897590796843027,0.644738930262387,-0.6167675572383825,0,1,0,0,1,0,0
C00324,-1.3335025803303595,-1.1331049009370975,-0.07699487565186729,0,1,0,1,1,0,0
C00325,0.9913602649354136,-0.6499951641981071,-1.798156822597548,1,0,0,0,0,1,0
C00326,0.4101445536189703,0.21960236193207552,0.5734776996152294,1,0,0,0,0,1,0
C00327,0.700752409277192,-0.30215615374603405,1.1322907629148047,2,1,1,0,0,1,0
C00328,0.9913602649354136,0.0263584672364794,1.606971907017138,0,1,0,0,0,0,1
C00329,-0.36480972813628737,-0.45675126950251094,-0.9736640144645772,1,0,0,0,0,1,0
C00330,0.6523177666674883,0.7220364881406255,-0.3156638464272009,1,1,0,0,0,0,1
C00331,-0.5585482985751018,1.2824437827578543,1.0795976135228478,2,0,1,0,0,0,1
C00332,0.8944909797160063,-0.5726976063198687,-0.09382125949131567,0,1,0,0,0,1,0
C00333,-0.2679404429168802,-1.4229707429804916,1.5082276018540592,1,0,0,0,0,1,0
C00334,-1.2366332951109522,1.3790657301056524,1.3944281111504215,1,1,0,0,1,0,0
C00335,0.3132752683995631,-0.8432390588937032,-1.128201066042669,0,0,1,0,1,0,0
C00336,-0.897590796843027,1.4370388985143312,-0.6021551712725458,0,0,0,0,0,0,1
C00337,-1.3335025803303595,-1.7321609744934454,-0.5082816614314127,2,0,1,0,0,0,1
C00338,-1.4788065081594703,0.9152803828362216,-1.6737301421005744,0,1,0,1,0,0,1
C00339,-0.413244370745991,-0.3601293221547129,0.8289730542300114,1,0,1,0,0,0,1
C00340,-1.5756757933788776,-1.8094585323716839,0.418055048887693,2,1,1,0,1,0,0
C00341,1.5241413336421532,-1.307024406163134,1.5631347491196277,0,0,0,0,0,0,1
C00342,1.0397949075451172,0.548116982914589,-1.2335873648265825,1,1,1,0,0,1,0
C00343,1.4757066910324497,-0.901212227302382,-1.4107071947155128,0,1,1,0,0,0,1
C00344,-0.21950580030717656,-0.6499951641981071,-0.5490192223058666,2,1,1,0,0,0,1
C00345,1.3788374058130424,-1.6355390271456474,-0.48702728184474103,1,0,1,0,1,0,0
C00346,-1.285067937720656,-0.47607565897207055,1.0596716326603433,0,0,0,1,0,0,1
C00347,1.3788374058130424,1.243795003818735,0.25289080751626547,1,0,0,0,0,0,1
C00348,-1.6241104359885812,0.296899919810314,1.4918440175893333,0,0,1,1,1,0,0
C00349,-0.21950580030717656,0.4708194250363505,-1.560373450971659,1,0,0,0,0,0,1
C00350,0.8460563371063028,1.301768172227414,0.937016150462259,0,1,0,0,0,0,1
C00351,0.9913602649354136,1.4177145090447716,-1.5338054764883193,1,1,0,0,1,0,0
C00352,-0.12263651508776936,-1.4616195219196109,1.6162706980863069,0,1,1,0,0,1,0
C00353,-1.4788065081594703,0.4514950355667909,0.2506768096426539,1,1,0,1,0,0,1
C00354,-1.4303718655497668,-1.152429290406657,-1.1543262409512862,1,1,1,0,0,1,0
C00355,0.11953669796074867,1.0891998880622582,0.23207922750431617,0,0,0,0,0,0,1
C00356,0.3617099110092667,-0.8818878378328224,-1.0214863685345883,2,0,1,0,1,0,0
C00357,0.5070138388383775,-1.307024406163134,1.3829153222076411,1,1,1,0,0,1,0
C00358,1.4272720484227461,1.3597413406360928,-1.1972777996993518,0,1,0,0,0,0,1
C00359,0.45857919622867394,0.10365602511471786,-1.5860558263055538,0,0,1,0,1,0,0
C00360,0.6038831240577848,1.050551109123139,0.10322455126011934,2,1,1,0,1,0,0
C00361,0.4101445536189703,0.08433163564515823,0.0788705746503914,2,0,0,0,1,0,0
C00362,-1.5272411507691739,0.39352186715811205,-0.2598711000121879,1,1,1,1,0,1,0
C00363,-0.3163750855265838,0.4708194250363505,-1.174695021388513,1,1,0,0,1,0,0
C00364,0.5554484814480811,-1.1717536798762167,1.3873433179548644,2,0,0,0,0,1,0
C00365,-0.9460254394527307,-1.7321609744934454,-1.261483738034089,1,0,0,0,1,0,0
C00366,-0.9460254394527307,0.2002779724625159,-1.346944055955498,0,0,1,0,0,1,0
C00367,-0.17107115769747297,-0.2441829853373552,-0.5574324142255909,2,1,0,0,0,1,0
C00368,-1.285067937720656,-0.6306707747285475,0.4074278590943572,1,1,1,0,0,0,1
C00369,0.02266741274134146,-1.0751317325284186,0.37421789099018277,0,0,1,0,0,1,0
C00370,-0.21950580030717656,0.6640633197319467,-0.7580206215748044,2,0,1,0,0,0,1
C00371,-0.8007215116236198,-1.2490512377544551,0.3631479016221246,1,0,1,0,0,0,1
C00372,-1.0913293672818414,-1.6741878060847666,-0.8191269628864855,2,1,0,0,1,0,0
C00373,0.9913602649354136,0.23892675140163516,-1.2061337911937982,0,1,0,0,1,0,0
C00374,0.16797134057045227,0.3162243092798736,0.6084588660182931,1,1,1,0,0,0,1
C00375,-0.36480972813628737,-1.8094585323716839,0.1727440844915245,1,1,1,0,1,0,0
C00376,-0.17107115769747297,1.591634014270808,-0.943553643383459,1,1,0,0,1,0,0
C00377,-0.02576722986836215,1.5143364563925696,-0.33426142856553864,1,0,0,0,0,0,1
C00378,-0.2679404429168802,1.301768172227414,0.20993924876819986,2,0,1,0,1,0,0
C00379,0.2164059831801559,-0.7272927220763455,-0.022530527961021212,2,0,1,0,1,0,0
C00380,-0.7522868690139163,1.2824437827578543,-0.5211228490983602,1,0,0,0,1,0,0
C00381,1.5241413336421532,-0.901212227302382,-0.927170059118733,2,1,1,0,0,1,0
C00382,1.4757066910324497,-0.9591853957110609,0.5845476889832876,1,1,0,0,0,1,0
C00383,-0.6069829411848054,1.3790657301056524,-1.1901930065037944,2,0,1,0,0,0,1
C00384,0.5070138388383775,1.4177145090447716,0.046546205695661626,1,1,1,0,1,0,0
C00385,-1.7209797212079883,1.4370388985143312,1.2961266055620653,0,0,0,1,1,0,0
C00386,-0.5585482985751018,-0.45675126950251094,-1.1463558486062841,0,0,1,0,0,1,0
C00387,1.6210106188615605,1.050551109123139,-0.8248833573578757,1,1,0,0,1,0,0
C00388,0.2648406257898595,0.8186584354884235,-0.8572077263126054,2,0,0,0,0,0,1
C00389,0.2648406257898595,0.23892675140163516,0.5730349000405071,0,0,0,0,0,1,0
C00390,-1.5756757933788776,-0.16688542745911675,-0.7544782249770259,0,1,0,1,0,0,1
C00391,-1.6241104359885812,-0.6693195536676667,-1.3013356997590984,1,0,1,0,0,1,0
C00392,0.94292562232571,0.644738930262387,-1.7645040549186513,0,1,0,0,0,1,0
C00393,-1.4788065081594703,-0.9785097851806205,-0.921856464222065,0,1,1,1,0,1,0
C00394,-0.7038522264042126,-0.9398610062415013,-1.0144015753390312,0,1,1,0,1,0,0
C00395,1.185098835374228,0.04568285670603901,0.913990572576698,1,1,0,0,0,0,1
C00396,0.9913602649354136,0.39352186715811205,-0.8842185003706673,0,1,1,0,0,0,1
C00397,-1.5272411507691739,-1.4422951324500513,-0.38429778050916147,0,1,0,1,0,1,0
C00398,1.0882295501548207,-0.3601293221547129,1.3257941770684611,2,1,1,0,0,1,0
C00399,1.2335334779839315,0.8766316038971024,-1.6790437369972422,1,0,0,0,1,0,0
C00400,0.7976216944965991,-1.6741878060847666,0.08462696912178165,2,0,0,0,0,0,1
C00401,-1.4788065081594703,1.6302827932099273,0.9693405194169887,0,0,1,1,0,1,0
C00402,0.4101445536189703,1.649607182679487,1.4728036358762733,0,1,0,0,0,1,0
C00403,1.5725759762518567,0.0263584672364794,0.21790964111320174,1,1,1,0,0,1,0
C00404,-0.8007215116236198,-1.4809439113891705,0.17407248321569146,0,0,0,0,0,0,1
C00405,-0.5585482985751018,1.3597413406360928,1.516197994199061,0,0,1,0,0,1,0
C00406,0.4101445536189703,-0.18620981692867636,-0.7513786279539696,0,0,1,0,0,0,1
C00407,-1.6241104359885812,-0.7466171115459052,-0.5268792435697504,1,0,0,0,0,0,1
C00408,-1.5272411507691739,-1.3456731851022532,1.595016318499635,1,0,0,0,0,1,0
C00409,0.5554484814480811,-1.307024406163134,0.8050618771950059,0,0,0,0,1,0,0
C00410,0.5554484814480811,0.6833877092015063,1.5285963822912862,0,1,1,0,1,0,0
C00411,-0.655417583794509,0.39352186715811205,0.07754217592622444,1,0,1,0,0,0,1
C00412,0.5554484814480811,-0.3601293221547129,-1.359342444047723,1,1,0,0,1,0,0
C00413,1.3304027632033388,0.3355486987494332,-0.49189807716668665,2,0,0,0,0,0,1
C00414,-1.6725450785982847,0.8573072144275428,-0.3444458187841521,2,0,0,0,0,0,1
C00415,0.5554484814480811,-0.5147244379111898,0.8674966172308538,1,1,1,0,0,1,0
C00416,0.5554484814480811,0.7220364881406255,-1.641848572720567,2,1,0,0,0,1,0
C00417,0.700752409277192,-0.5920219957894283,1.4041697017943127,2,1,0,0,1,0,0
C00418,1.0882295501548207,1.3404169511665331,0.162559694272911,1,1,0,0,0,0,1
C00419,-0.07420187247806576,-0.012290311702639832,1.1141359803511892,0,0,1,0,1,0,0
C00420,-0.897590796843027,-1.1717536798762167,0.8953929904383603,0,1,0,0,1,0,0
C00421,0.11953669796074867,0.6254145407928274,-0.1558131999524413,1,1,1,0,1,0,0
C00422,-1.0913293672818414,0.8573072144275428,-1.1158026779504437,1,0,1,0,1,0,0
C00423,-1.5272411507691739,1.1278486670013774,-0.9617084259470744,1,0,1,0,1,0,0
C00424,-1.5272411507691739,-0.3987781010938321,-0.2293179293563474,0,1,0,1,0,1,0
C00425,0.7491870518868955,-1.2877000166935744,1.3426205609079094,2,1,0,0,0,0,1
C00426,0.8460563371063028,-1.0171585641197398,-1.117573876249333,0,0,1,0,1,0,0
C00427,-0.12263651508776936,1.49501206692301,-0.007918141995184457,1,1,0,0,1,0,0
C00428,-1.6241104359885812,1.243795003818735,-1.24642855249353,0,1,1,1,0,1,0
C00429,-0.02576722986836215,1.0698754985926986,1.2682302323545587,1,0,1,0,0,0,1
C00430,-1.285067937720656,-1.7901341429021242,0.3232959398971153,1,0,1,0,0,0,1
C00431,1.6210106188615605,0.8186584354884235,-0.9860624025568023,2,1,0,0,0,1,0
C00432,1.2335334779839315,0.04568285670603901,-0.9453248416823483,1,0,1,0,0,0,1
C00433,-1.0913293672818414,0.9346047723057812,-1.7326224855386436,2,1,0,0,0,1,0
C00434,1.4757066910324497,-1.7901341429021242,0.7138451648022067,2,1,0,0,0,0,1
C00435,-1.381937222940063,0.7413608776101851,-1.655575359536959,0,0,0,1,0,0,1
C00436,-0.36480972813628737,0.7220364881406255,-1.2880517125174284,0,1,1,0,1,0,0
C00437,-0.3163750855265838,-0.26350737480691483,-0.5047392648336341,0,0,0,0,0,0,1
C00438,1.5241413336421532,-0.3987781010938321,-0.5149236550522476,0,1,0,0,0,1,0
C00439,0.45857919622867394,-0.7272927220763455,0.7204871584230416,1,0,1,0,0,0,1
C00440,1.1366641927645245,-1.2877000166935744,0.9454293423819832,0,0,1,0,0,1,0
C00441,1.185098835374228,-1.6935121955543262,-0.3395750234622065,1,0,0,0,0,1,0
C00442,0.7491870518868955,-0.8432390588937032,0.6846203928705332,2,0,0,0,0,0,1
C00443,-0.36480972813628737,-0.553373216850309,0.7647671158952741,2,0,0,0,0,1,0
C00444,1.0882295501548207,0.23892675140163516,0.9073485789558631,1,0,1,0,0,1,0
C00445,1.0397949075451172,0.7027120986710659,0.4658774029577042,1,0,1,0,0,1,0
C00446,-1.381937222940063,1.050551109123139,1.4922868171640555,2,0,0,0,0,1,0
C00447,-1.1397640098915451,1.4756876774534504,1.0317752594528367,0,1,1,0,0,0,1
C00448,0.6523177666674883,1.4756876774534504,1.1212207735467465,0,0,1,0,0,1,0
C00449,1.0882295501548207,0.9925779407144601,1.5587067533724044,1,1,1,0,0,0,1
C00450,-1.0428947246721378,-0.012290311702639832,1.0180484726364445,2,0,1,0,0,0,1
C00451,1.3304027632033388,-1.0944561219979783,0.4441802237963102,1,0,0,0,0,0,1
C00452,-0.8491561542333235,1.5143364563925696,-0.588871184030876,1,0,1,0,0,1,0
C00453,-0.02576722986836215,-0.901212227302382,0.14529051085874028,0,0,1,0,0,0,1
C00454,1.5241413336421532,-1.7321609744934454,-0.40820895754416703,1,0,0,0,1,0,0
C00455,-1.285067937720656,-1.5389170797978493,0.5982744757996796,0,0,0,1,0,1,0
C00456,-1.7209797212079883,-1.6162146376760878,0.8874225980933584,2,0,0,0,1,0,0
C00457,-0.2679404429168802,0.895955993366662,0.4295678378304735,1,1,1,0,0,0,1
C00458,-1.7209797212079883,1.398390119575212,-1.601111011846113,2,1,1,1,0,0,1
C00459,0.7976216944965991,-0.22485859586779558,1.4449072626687667,0,0,1,0,0,1,0
C00460,-0.413244370745991,1.4177145090447716,-0.4564741111889006,1,1,0,0,0,0,1
C00461,0.6038831240577848,-0.6499951641981071,-0.3116786502547,0,0,1,0,0,1,0
C00462,0.16797134057045227,0.8573072144275428,-0.06415368798491984,1,1,0,0,0,0,1
C00463,0.94292562232571,0.5674413723841486,1.0149488756133882,1,1,1,0,1,0,0
C00464,-1.285067937720656,1.050551109123139,0.6328128426280211,1,1,1,1,0,0,1
C00465,1.2819681205936353,0.21960236193207552,0.8705962142539101,0,0,0,0,1,0,0
C00466,0.07110205535104507,-1.055807343058859,-0.11861803567576593,1,0,0,0,0,1,0
C00467,0.45857919622867394,-1.4809439113891705,0.6186432562369066,2,0,0,0,0,0,1
C00468,-0.655417583794509,-1.751485363963005,-0.10002045353742824,1,1,1,0,0,0,1
C00469,0.7976216944965991,0.6254145407928274,1.1167927777995232,1,1,1,0,1,0,0
C00470,-1.4788065081594703,0.0263584672364794,0.13112092446762585,0,1,1,1,1,0,0
C00471,-1.6725450785982847,1.5529852353316889,0.513256957452993,0,1,0,1,0,0,1
C00472,0.7491870518868955,-1.1331049009370975,-0.7128550649531272,0,0,1,0,0,1,0
C00473,0.4101445536189703,1.4177145090447716,-1.0148443749137535,1,1,0,0,0,0,1
C00474,-1.1397640098915451,-0.14756103798955714,0.7798223014358333,2,0,1,0,0,1,0
C00475,-0.8491561542333235,-0.6113463852589879,1.4812168277959974,0,1,0,0,0,1,0
C00476,0.3617099110092667,-1.7321609744934454,0.7815934997347226,2,1,1,0,0,1,0
C00477,-1.0913293672818414,0.3355486987494332,-1.4766843313491393,2,1,1,0,0,0,1
C00478,-0.36480972813628737,0.06500724617559862,-0.46533010268334707,2,1,1,0,0,0,1
C00479,-0.21950580030717656,-1.055807343058859,0.25200520836682083,0,0,1,0,0,1,0
C00480,-1.2366332951109522,0.895955993366662,0.18957046833097288,2,0,0,1,0,1,0
C00481,1.5725759762518567,-1.0751317325284186,-0.5016396678105778,1,1,0,0,0,0,1
C00482,-0.21950580030717656,1.649607182679487,0.6868343907441449,0,1,0,0,0,0,1
C00483,-1.1397640098915451,1.4563632879838908,0.913990572576698,2,0,0,0,1,0,0
C00484,-0.4616790133556946,0.644738930262387,1.268673031929281,2,1,1,0,0,1,0
C00485,0.6523177666674883,-0.7659415010154648,1.4883016209915547,0,0,1,0,0,1,0
C00486,1.4272720484227461,-0.901212227302382,1.1229919718456358,0,0,1,0,1,0,0
C00487,0.9913602649354136,0.9925779407144601,0.5256553455452182,0,0,0,0,0,1,0
C00488,-1.3335025803303595,-0.804590279954584,-0.806285775219538,0,1,1,1,0,0,1
C00489,1.4272720484227461,0.8186584354884235,-1.5767570352363849,0,1,0,0,0,1,0
C00490,0.94292562232571,-1.1910780693457763,-0.07832327437603427,1,1,1,0,0,0,1
C00491,0.3617099110092667,-1.6162146376760878,0.20241165599792033,1,1,1,0,0,1,0
C00492,0.8460563371063028,0.1809535829929563,1.511769998451838,0,0,1,0,0,0,1
C00493,-1.6725450785982847,0.007034077766919783,0.5446957272582782,1,1,1,0,0,1,0
C00494,1.5241413336421532,0.2775755303407544,-0.9457676412570707,0,1,1,0,0,0,1
C00495,-0.7038522264042126,0.9732535512449004,-0.8408241420478794,1,0,0,0,0,1,0
C00496,0.6523177666674883,0.2775755303407544,1.2097806884912117,0,1,1,0,0,1,0
C00497,-1.6725450785982847,-1.2490512377544551,0.7435127363086025,2,0,1,0,1,0,0
C00498,0.45857919622867394,1.6302827932099273,-0.9209708650726204,0,0,0,0,1,0,0
C00499,-1.7209797212079883,1.3790657301056524,0.6717792052035857,2,1,1,1,0,1,0
C00500,-0.4616790133556946,1.301768172227414,0.023963427384823006,0,0,1,0,1,0,0
