CustomerID,Tenure,MonthlyCharges,TotalCharges,Contract,PaperlessBilling,SeniorCitizen,Churn,PM_Bank Transfer,PM_Credit Card,PM_Electronic Check,HistoricalAvgMonthly,ChargeIncrease,TenureGroup,Tenure_Contract_Interaction,Log_TotalCharges
C00001,6,64,1540,1,0,1,0,0,1,0,252.45901639344262,-188.45901639344262,0,6,7.340186835320115
C00002,21,113,1753,0,1,1,0,0,0,1,83.08056872037915,29.919431279620852,1,0,7.469654172932128
C00003,27,31,1455,2,0,1,0,0,1,0,53.690036900369,-22.690036900369,1,54,7.283448228756631
C00004,53,29,7150,0,0,1,0,0,0,1,134.65160075329567,-105.65160075329567,2,0,8.875007486048396
C00005,16,185,1023,1,0,1,0,0,0,1,63.54037267080745,121.45962732919256,1,16,6.931471805599453
C00006,55,44,7538,2,0,0,0,0,0,1,136.80580762250455,-92.80580762250455,2,110,8.927844826211702
C00007,66,99,4178,2,0,1,0,1,0,0,63.20726172465961,35.79273827534039,2,132,8.337827262447915
C00008,61,128,3088,0,0,1,0,1,0,0,50.54009819967267,77.45990180032733,2,0,8.035602692918582
C00009,64,124,7973,0,0,1,0,0,1,0,124.38377535101405,-0.3837753510140516,2,0,8.983941527941301
C00010,14,120,5844,1,1,1,0,1,0,0,414.468085106383,-294.468085106383,1,14,8.67334187390617
C00011,59,57,5168,1,1,0,0,0,1,0,87.44500846023688,-30.445008460236878,2,59,8.550434525196039
C00012,7,110,7282,0,0,1,1,0,0,1,1025.6338028169014,-915.6338028169014,0,0,8.893298144217916
C00013,53,86,3438,0,1,1,0,1,0,0,64.7457627118644,21.2542372881356,2,0,8.142936010432265
C00014,8,158,6194,0,0,1,1,0,1,0,764.6913580246913,-606.6913580246913,0,0,8.731497794063243
C00015,53,58,768,0,1,1,0,0,1,0,14.463276836158192,43.536723163841806,2,0,6.645090969505644
C00016,65,77,4071,0,1,1,0,0,1,0,62.53456221198157,14.465437788018427,2,0,8.311889558230359
C00017,19,187,4874,2,0,0,0,0,1,0,255.18324607329842,-68.18324607329842,1,38,8.491875383431948
C00018,42,101,3736,1,1,0,0,1,0,0,88.74109263657957,12.258907363420434,2,42,8.226038429485484
C00019,7,156,5389,1,1,0,1,1,0,0,759.0140845070423,-603.0140845070423,0,7,8.592300663903043
C00020,26,105,6868,0,1,1,0,1,0,0,263.1417624521073,-158.1417624521073,1,0,8.834773814213882
C00021,38,137,1000,0,0,1,0,0,0,1,26.246719160104988,110.75328083989501,2,0,6.90875477931522
C00022,25,120,4855,2,1,0,0,0,1,0,193.42629482071712,-73.42629482071712,1,50,8.487970332739334
C00023,60,40,1755,1,0,1,0,0,1,0,29.201331114808653,10.798668885191347,2,60,7.470793774195062
C00024,30,100,3710,2,0,1,0,0,1,0,123.25581395348837,-23.25581395348837,1,60,8.219056661060598
C00025,25,193,7565,0,0,0,0,1,0,0,301.39442231075697,-108.39442231075697,1,0,8.931419805192975
C00026,47,181,3295,1,0,1,0,0,1,0,69.95753715498938,111.04246284501062,2,47,8.100464891029363
C00027,60,101,3741,0,0,1,0,1,0,0,62.24625623960066,38.75374376039934,2,0,8.227375506834035
C00028,20,56,3950,1,0,1,0,1,0,0,196.51741293532336,-140.51741293532336,1,20,8.281723990411392
C00029,36,175,3682,1,0,0,0,1,0,0,101.994459833795,73.005540166205,1,36,8.211482916445066
C00030,34,190,7540,1,0,1,0,1,0,0,221.11436950146626,-31.114369501466257,1,34,8.928110078202646
C00031,28,101,4643,1,1,1,0,0,0,1,165.23131672597864,-64.23131672597864,1,28,8.443331342817782
C00032,10,196,4825,0,1,0,1,0,1,0,477.72277227722776,-281.72277227722776,0,0,8.481773246184977
C00033,43,182,7129,1,1,0,0,0,0,1,165.4060324825986,16.59396751740141,2,43,8.872066513408342
C00034,32,195,7139,1,1,1,0,1,0,0,222.39875389408098,-27.398753894080983,1,32,8.87346805533363
C00035,60,44,1302,1,0,1,0,0,1,0,21.663893510815306,22.336106489184694,2,60,7.172424577124845
C00036,50,116,690,0,0,1,0,0,1,0,13.772455089820358,102.22754491017965,2,0,6.53813982376767
C00037,37,42,947,0,0,0,0,0,0,1,25.525606469002696,16.474393530997304,2,0,6.854354502255021
C00038,62,166,6225,2,1,1,0,0,0,1,100.2415458937198,65.7584541062802,2,124,8.736489351001554
C00039,50,84,858,0,0,0,0,0,1,0,17.12574850299401,66.87425149700599,2,0,6.755768921984255
C00040,26,151,1952,2,0,0,0,0,0,1,74.78927203065133,76.21072796934867,1,52,7.577121930876679
C00041,42,20,1950,2,1,1,0,0,1,0,46.318289786223275,-26.318289786223275,2,84,7.576097340623111
C00042,7,148,2701,2,1,0,0,0,1,0,380.42253521126764,-232.42253521126764,0,14,7.9017475185201445
C00043,63,89,6547,1,1,0,0,0,0,1,103.75594294770205,-14.755942947702053,2,63,8.786914938491025
C00044,42,123,3913,0,0,1,0,0,1,0,92.94536817102137,30.05463182897863,2,0,8.272315147956022
C00045,34,93,3344,2,1,0,0,0,1,0,98.06451612903226,-5.064516129032256,1,68,8.11522197256233
C00046,32,170,4773,2,0,1,0,0,1,0,148.69158878504672,21.30841121495328,1,64,8.470939806898775
C00047,22,46,7555,0,0,1,0,1,0,0,341.8552036199095,-295.8552036199095,1,0,8.9300972286214
C00048,37,162,3735,0,1,1,0,0,0,1,100.67385444743935,61.32614555256065,2,0,8.225770799348734
C00049,56,49,3376,0,0,0,0,1,0,0,60.17825311942959,-11.178253119429591,2,0,8.124743020385568
C00050,49,121,5161,1,1,0,0,1,0,0,105.11201629327901,15.887983706720988,2,49,8.54907938027856
C00051,71,172,416,0,0,1,0,0,0,1,5.850914205344585,166.1490857946554,2,0,6.0330862217988015
C00052,31,154,7537,2,1,1,0,0,1,0,242.34726688102893,-88.34726688102893,1,62,8.92771217382708
C00053,53,48,1497,1,0,0,0,0,1,0,28.192090395480225,19.807909604519775,2,53,7.311886164077165
C00054,49,68,2615,0,1,1,0,1,0,0,53.258655804480654,14.741344195519346,2,0,7.86940171257709
C00055,9,157,7022,0,0,0,1,1,0,0,771.6483516483516,-614.6483516483516,0,0,8.856945756159021
C00056,47,54,6827,2,1,0,0,1,0,0,144.94692144373673,-90.94692144373673,2,94,8.828787083914332
C00057,58,121,3537,1,0,1,0,0,1,0,60.877796901893284,60.122203098106716,2,58,8.17131687471973
C00058,59,72,7053,0,1,0,0,1,0,0,119.34010152284263,-47.34010152284263,2,0,8.861350110795998
C00059,36,38,3792,1,1,1,0,1,0,0,105.0415512465374,-67.0415512465374,1,36,8.2409125416889
C00060,26,182,7074,0,0,0,0,0,1,0,271.0344827586207,-89.0344827586207,1,0,8.864322722511439
C00061,23,187,5608,0,0,1,0,0,0,1,242.77056277056275,-55.77056277056275,1,0,8.632127729508337
C00062,10,195,4284,2,0,0,1,0,0,1,424.1584158415842,-229.1584158415842,0,20,8.36287583103188
C00063,53,128,5803,1,0,0,0,1,0,0,109.28436911487759,18.71563088512241,2,53,8.666302614004078
C00064,25,176,4496,1,0,1,0,1,0,0,179.1235059760956,-3.1235059760956005,1,25,8.411165786770708
C00065,65,180,4142,1,1,0,0,0,1,0,63.62519201228879,116.37480798771121,2,65,8.329175442077402
C00066,3,140,2541,1,0,1,0,0,0,1,819.6774193548387,-679.6774193548387,0,3,7.8407064517494
C00067,53,61,3631,1,0,0,0,1,0,0,68.3804143126177,-7.380414312617702,2,53,8.197538739721184
C00068,62,62,3016,2,1,0,0,0,1,0,48.566827697262475,13.433172302737525,2,124,8.012018239159062
C00069,2,102,1333,2,1,0,1,0,1,0,634.7619047619047,-532.7619047619047,0,4,7.195937226475569
C00070,53,21,6828,1,0,0,0,0,1,0,128.58757062146893,-107.58757062146893,2,53,8.82893352896109
C00071,69,153,1418,0,0,0,0,0,0,1,20.52098408104197,132.47901591895803,2,0,7.257707677160043
C00072,68,153,1930,1,1,0,0,0,0,1,28.340675477239355,124.65932452276064,2,68,7.565793282428515
C00073,13,125,3696,2,0,1,0,0,1,0,282.1374045801527,-157.1374045801527,1,26,8.215276958936633
C00074,2,152,2038,0,0,0,1,1,0,0,970.4761904761905,-818.4761904761905,0,0,7.620214770574455
C00075,70,77,7593,2,1,0,0,0,0,1,108.31669044222541,-31.316690442225408,2,140,8.935113740791747
C00076,35,170,936,1,1,0,0,1,0,0,26.666666666666664,143.33333333333334,1,35,6.842683282238422
C00077,4,43,7302,0,1,0,1,0,1,0,1780.9756097560978,-1737.9756097560978,0,0,8.89604050162011
C00078,41,109,7937,2,1,1,0,1,0,0,193.11435523114355,-84.11435523114355,2,82,8.97941663334301
C00079,8,95,3792,1,1,1,0,1,0,0,468.14814814814815,-373.14814814814815,0,8,8.2409125416889
C00080,47,138,6406,2,1,0,0,0,1,0,136.00849256900213,1.9915074309978706,2,94,8.765146421639022
C00081,35,139,5211,2,0,0,0,1,0,0,148.46153846153845,-9.461538461538453,1,70,8.558718938244736
C00082,30,162,3917,1,0,0,0,0,1,0,130.1328903654485,31.867109634551497,1,30,8.273336598504486
C00083,27,142,1908,2,0,1,0,1,0,0,70.40590405904058,71.59409594095942,1,54,7.554334823725748
C00084,50,141,4412,0,0,0,0,0,1,0,88.06387225548902,52.93612774451098,2,0,8.392310009269547
C00085,51,136,4725,2,1,1,0,1,0,0,92.46575342465754,43.534246575342465,2,102,8.460834457746854
C00086,63,29,7685,2,1,1,0,0,1,0,121.79080824088747,-92.79080824088747,2,126,8.94715577112479
C00087,43,103,2856,1,0,1,0,0,0,1,66.2645011600928,36.735498839907194,2,43,7.957527402230773
C00088,40,108,2650,1,0,1,0,0,0,1,66.08478802992518,41.91521197007482,2,40,7.8826922062890254
C00089,41,177,4075,1,1,0,0,1,0,0,99.14841849148418,77.85158150851582,2,41,8.312871394342615
C00090,21,126,7735,1,1,0,0,0,1,0,366.58767772511845,-240.58767772511845,1,21,8.95364003713313
C00091,3,188,2422,2,0,1,0,0,1,0,781.2903225806451,-593.2903225806451,0,6,7.792761720816526
C00092,42,122,1294,2,0,0,0,1,0,0,30.736342042755343,91.26365795724466,2,84,7.166265974133638
C00093,18,29,7469,0,1,0,0,0,0,1,412.6519337016574,-383.6519337016574,1,0,8.918650278126863
C00094,55,193,4344,2,0,1,0,1,0,0,78.83847549909255,114.16152450090745,2,110,8.376781037699493
C00095,21,140,3171,1,0,1,0,0,0,1,150.28436018957345,-10.284360189573448,1,21,8.06211758275474
C00096,20,150,1780,0,1,0,0,0,0,1,88.55721393034825,61.442786069651746,1,0,7.484930283289661
C00097,15,40,510,0,0,0,0,1,0,0,33.77483443708609,6.225165562913908,1,0,6.236369590203704
C00098,42,172,1168,0,0,1,0,1,0,0,27.743467933491686,144.25653206650833,2,0,7.063903961472068
C00099,10,143,3353,2,0,1,1,0,0,1,331.980198019802,-188.980198019802,0,20,8.117908942383155
C00100,39,84,7566,1,0,1,0,0,0,1,193.50383631713555,-109.50383631713555,2,39,8.931551966694522
C00101,66,170,1059,0,0,1,0,0,0,1,16.021180030257188,153.9788199697428,2,0,6.966024187106113
C00102,50,130,1087,1,1,1,0,0,0,1,21.696606786427147,108.30339321357286,2,50,6.992096427415888
C00103,44,78,6369,1,1,1,0,1,0,0,144.42176870748298,-66.42176870748298,2,44,8.759354748566208
C00104,7,39,6651,1,1,1,0,0,0,1,936.7605633802817,-897.7605633802817,0,7,8.802672840312818
C00105,3,115,5547,2,0,0,1,1,0,0,1789.3548387096773,-1674.3548387096773,0,6,8.621192781434722
C00106,21,75,7026,2,1,1,0,1,0,0,332.98578199052133,-257.98578199052133,1,42,8.857515151192198
C00107,3,59,7111,0,1,1,1,0,1,0,2293.8709677419356,-2234.8709677419356,0,0,8.86953877719374
C00108,18,56,7925,1,0,0,0,0,0,1,437.8453038674033,-381.8453038674033,1,18,8.97790377375038
C00109,48,152,4042,1,1,1,0,0,0,1,84.03326403326403,67.96673596673597,2,48,8.304742269640771
C00110,32,24,2939,2,1,1,0,0,0,1,91.5576323987539,-67.5576323987539,1,64,7.986164860332727
C00111,41,88,3461,1,1,1,0,1,0,0,84.20924574209245,3.790754257907551,2,41,8.149601735736155
C00112,55,87,3353,2,0,1,0,0,1,0,60.8529945553539,26.147005444646098,2,110,8.117908942383155
C00113,15,102,1746,0,0,1,0,0,1,0,115.62913907284768,-13.629139072847678,1,0,7.465655310134056
C00114,31,111,2539,0,0,0,0,0,1,0,81.63987138263666,29.360128617363344,1,0,7.8399193600125825
C00115,33,160,2315,1,0,0,0,1,0,0,69.93957703927492,90.06042296072508,1,33,7.7475968386928855
C00116,70,164,5320,1,0,0,0,0,1,0,75.89158345221114,88.10841654778886,2,70,8.579416534596369
C00117,14,187,2225,2,1,0,0,0,0,1,157.80141843971631,29.198581560283685,1,28,7.70796153183549
C00118,35,98,4023,2,1,0,0,1,0,0,114.61538461538461,-16.615384615384613,1,70,8.300031711779575
C00119,56,83,562,0,1,0,0,1,0,0,10.017825311942959,72.98217468805704,2,0,6.333279628139691
C00120,62,75,2451,1,0,0,0,0,1,0,39.468599033816425,35.531400966183575,2,62,7.804659297056102
C00121,30,107,6906,1,1,1,0,0,1,0,229.43521594684384,-122.43521594684384,1,30,8.840290669088972
C00122,15,147,2687,1,0,0,0,0,0,1,177.94701986754967,-30.94701986754967,1,15,7.89655270164304
C00123,41,114,2419,2,0,1,0,1,0,0,58.85644768856447,55.14355231143553,2,82,7.791522819150732
C00124,27,50,2751,2,1,1,0,0,0,1,101.51291512915128,-51.51291512915128,1,54,7.920083199053234
C00125,4,177,950,0,1,0,1,0,1,0,231.70731707317074,-54.70731707317074,0,0,6.85751406254539
C00126,62,183,7208,2,1,1,0,0,0,1,116.07085346215781,66.92914653784219,2,124,8.883085524404578
C00127,31,62,5887,1,0,1,0,1,0,0,189.2926045016077,-127.29260450160771,1,31,8.680671660408713
C00128,13,137,7128,1,1,0,0,1,0,0,544.1221374045801,-407.12213740458014,1,13,8.871926251117628
C00129,20,179,2692,0,1,1,0,1,0,0,133.93034825870646,45.06965174129354,1,0,7.898411092811599
C00130,8,174,3979,2,1,0,1,0,1,0,491.2345679012346,-317.2345679012346,0,16,8.289037098278483
C00131,2,125,7858,0,0,1,1,0,0,1,3741.904761904762,-3616.904761904762,0,0,8.969414650866176
C00132,3,79,891,0,0,1,1,0,1,0,287.4193548387097,-208.4193548387097,0,0,6.79346613258001
C00133,48,92,5908,2,1,0,0,1,0,0,122.82744282744282,-30.827442827442823,2,96,8.684231891345675
C00134,15,28,6569,0,0,1,0,0,1,0,435.0331125827815,-407.0331125827815,1,0,8.790269111478656
C00135,64,101,5706,0,1,1,0,1,0,0,89.01716068642746,11.98283931357254,2,0,8.649448770536708
C00136,52,152,4318,2,1,0,0,1,0,0,82.87907869481765,69.12092130518235,2,104,8.3707791729607
C00137,10,134,4476,0,0,0,1,0,0,1,443.16831683168317,-309.16831683168317,0,0,8.406708458240965
C00138,30,188,4095,2,1,0,0,0,0,1,136.04651162790697,51.953488372093034,1,60,8.317766166719343
C00139,27,67,3567,0,1,1,0,0,1,0,131.62361623616235,-64.62361623616235,1,0,8.1797604936999
C00140,2,184,5021,1,1,1,1,0,0,1,2390.9523809523807,-2206.9523809523807,0,2,8.52158353971753
C00141,46,112,6817,2,0,0,0,0,0,1,147.87418655097613,-35.874186550976134,2,92,8.827321452697849
C00142,11,115,1713,2,1,1,1,1,0,0,154.32432432432432,-39.32432432432432,0,22,7.446585099157725
C00143,64,167,3677,0,0,0,0,1,0,0,57.3634945397816,109.6365054602184,2,0,8.210124405164267
C00144,65,47,5540,1,1,1,0,1,0,0,85.09984639016898,-38.09984639016898,2,65,8.61993026886735
C00145,21,173,7651,2,1,0,0,1,0,0,362.60663507109,-189.60663507109,1,42,8.942722330560143
C00146,29,42,2058,1,0,1,0,0,1,0,70.72164948453607,-28.721649484536073,1,29,7.629975707027789
C00147,6,133,7448,1,0,0,1,0,1,0,1220.983606557377,-1087.983606557377,0,6,8.915835074176277
C00148,34,24,2004,2,1,1,0,1,0,0,58.7683284457478,-34.7683284457478,1,68,7.60339933974067
C00149,20,114,1250,1,1,0,0,1,0,0,62.189054726368155,51.810945273631845,1,20,7.1316985104669115
C00150,42,132,3139,0,0,0,0,0,0,1,74.56057007125891,57.43942992874109,2,0,8.0519780789023
C00151,5,105,5965,1,0,0,1,0,1,0,1169.607843137255,-1064.607843137255,0,5,8.693831965074693
C00152,45,139,7654,0,0,1,0,0,1,0,169.71175166297118,-30.71175166297118,2,0,8.943114308091785
C00153,21,156,6366,2,0,0,0,0,0,1,301.70616113744074,-145.70616113744074,1,42,8.758883680017025
C00154,37,158,3355,2,0,0,0,0,0,1,90.43126684636118,67.56873315363882,2,74,8.118505067587098
C00155,68,40,5920,0,1,1,0,1,0,0,86.93098384728341,-46.930983847283414,2,0,8.686260632531775
C00156,26,148,4601,1,1,0,0,1,0,0,176.28352490421454,-28.283524904214545,1,26,8.434246270595311
C00157,26,78,5632,2,1,1,0,0,0,1,215.78544061302682,-137.78544061302682,1,52,8.636397438894713
C00158,1,86,7217,2,1,0,0,1,0,0,6560.90909090909,-6474.90909090909,0,2,8.884333185202735
C00159,47,182,3250,1,0,1,0,0,0,1,69.00212314225053,112.99787685774947,2,47,8.086717920303906
C00160,30,154,4096,1,1,0,0,1,0,0,136.07973421926908,17.920265780730915,1,30,8.318010277546872
C00161,51,78,984,0,1,1,0,0,0,1,19.256360078277886,58.743639921722114,2,0,6.892641641172089
C00162,13,90,347,1,1,0,0,0,0,1,26.48854961832061,63.51145038167939,1,13,5.8522024797744745
C00163,64,185,3916,1,1,1,0,0,1,0,61.09204368174728,123.90795631825273,2,64,8.27308133366583
C00164,60,171,220,0,0,1,0,0,1,0,3.660565723793677,167.33943427620633,2,0,5.3981627015177525
C00165,69,48,3419,1,1,1,0,1,0,0,49.479015918958034,-1.4790159189580336,2,69,8.13739583005665
C00166,40,105,791,1,1,0,0,0,1,0,19.725685785536157,85.27431421446384,2,40,6.674561391814426
C00167,23,110,6723,2,1,1,0,1,0,0,291.038961038961,-181.03896103896102,1,46,8.813438494528507
C00168,42,80,5832,1,0,1,0,0,0,1,138.5273159144893,-58.52731591448929,2,42,8.671286726753637
C00169,13,99,2938,0,0,0,0,0,1,0,224.27480916030535,-125.27480916030535,1,0,7.985824666418917
C00170,24,84,6882,1,1,0,0,0,1,0,285.5601659751037,-201.5601659751037,1,24,8.836809882398365
C00171,22,61,5363,2,1,1,0,1,0,0,242.66968325791854,-181.66968325791854,1,44,8.587465244401569
C00172,10,115,3717,1,1,0,1,0,0,1,368.01980198019805,-253.01980198019805,0,10,8.220941168281389
C00173,62,160,1811,0,1,1,0,0,1,0,29.162640901771336,130.83735909822866,2,0,7.502186486602924
C00174,5,145,1090,0,0,1,1,0,1,0,213.72549019607845,-68.72549019607845,0,0,6.994849985833071
C00175,20,76,6396,2,1,1,0,0,1,0,318.2089552238806,-242.2089552238806,1,40,8.763584409450138
C00176,68,67,1797,2,0,1,0,0,0,1,26.387665198237887,40.61233480176212,2,136,7.494430215031565
C00177,42,50,279,1,0,0,0,0,0,1,6.627078384798099,43.3729216152019,2,42,5.634789603169249
C00178,3,180,3232,1,0,0,0,1,0,0,1042.5806451612902,-862.5806451612902,0,3,8.081165777725433
C00179,68,193,3285,1,0,0,0,0,1,0,48.23788546255507,144.76211453744492,2,68,8.097426298597213
C00180,52,39,3233,2,1,1,0,0,1,0,62.05374280230326,-23.053742802303262,2,104,8.081475040137052
C00181,4,135,4742,0,0,1,1,0,1,0,1156.5853658536587,-1021.5853658536587,0,0,8.464425125877582
C00182,13,64,4297,0,1,1,0,1,0,0,328.01526717557255,-264.01526717557255,1,0,8.365905077202456
C00183,56,151,735,2,1,1,0,0,1,0,13.101604278074866,137.89839572192514,2,112,6.601230118728877
C00184,61,29,2290,1,1,0,0,0,1,0,37.47954173486088,-8.47954173486088,2,61,7.736743682453495
C00185,47,130,2289,0,1,0,0,1,0,0,48.59872611464968,81.40127388535032,2,0,7.736307096548285
C00186,59,93,7342,0,0,0,0,1,0,0,124.23011844331641,-31.230118443316414,2,0,8.90150275745161
C00187,47,199,6905,2,1,1,0,0,0,1,146.60297239915073,52.39702760084927,2,94,8.840145877949938
C00188,49,163,3776,1,0,0,0,1,0,0,76.90427698574338,86.09572301425662,2,49,8.236685322712457
C00189,31,100,4971,1,1,0,0,0,0,1,159.83922829581994,-59.839228295819936,1,31,8.511577452630602
C00190,52,185,7330,2,1,0,0,0,1,0,140.69097888675623,44.30902111324377,2,104,8.899867211223587
C00191,46,51,466,1,1,0,0,1,0,0,10.108459869848156,40.891540130151846,2,46,6.1463292576688975
C00192,43,31,7992,0,0,0,0,0,1,0,185.4292343387471,-154.4292343387471,2,0,8.98632143762602
C00193,65,158,3712,1,0,0,0,0,1,0,57.0199692780338,100.9800307219662,2,65,8.21959545417708
C00194,71,138,6231,0,0,0,0,0,0,1,87.63713080168777,50.362869198312225,2,0,8.737452587550584
C00195,27,121,4317,1,0,0,0,1,0,0,159.29889298892988,-38.29889298892988,1,27,8.370547611074752
C00196,30,133,3029,0,1,1,0,0,1,0,100.6312292358804,32.3687707641196,1,0,8.016317898503415
C00197,37,152,2750,1,0,0,0,0,1,0,74.12398921832884,77.87601078167116,2,37,7.919719760924575
C00198,37,34,6987,0,0,1,0,0,0,1,188.3288409703504,-154.3288409703504,2,0,8.851949671253948
C00199,3,63,1535,2,0,0,0,0,0,1,495.1612903225806,-432.1612903225806,0,6,7.336936913707618
C00200,42,143,7310,1,1,0,0,0,0,1,173.63420427553444,-30.634204275534444,2,42,8.897135342293316
C00201,50,170,3185,2,0,0,0,0,0,1,63.572854291417165,106.42714570858283,2,100,8.066521490469993
C00202,50,169,159,1,0,0,0,1,0,0,3.1736526946107784,165.82634730538922,2,50,5.075173815233827
C00203,29,189,5035,1,1,1,0,0,1,0,173.02405498281786,15.975945017182141,1,29,8.524367395164237
C00204,15,55,5421,2,0,0,0,0,1,0,359.0066225165563,-304.0066225165563,1,30,8.598220030058611
C00205,69,40,3396,0,1,0,0,0,1,0,49.14616497829233,-9.146164978292333,2,0,8.130647968160584
C00206,69,94,5765,0,1,0,0,0,0,1,83.42981186685964,10.570188133140363,2,0,8.659733878198347
C00207,57,32,4351,1,0,0,0,1,0,0,76.19964973730298,-44.19964973730298,2,57,8.378390788535778
C00208,70,171,4801,0,0,0,0,0,0,1,68.48787446504993,102.51212553495007,2,0,8.4767877767812
C00209,46,199,4023,0,1,0,0,0,0,1,87.26681127982646,111.73318872017354,2,0,8.300031711779575
C00210,65,82,7742,2,1,0,0,0,1,0,118.92473118279571,-36.92473118279571,2,130,8.954544488386723
C00211,65,113,2956,0,1,0,0,0,1,0,45.40706605222735,67.59293394777265,2,0,7.9919305198524775
C00212,51,160,4278,2,0,1,0,0,1,0,83.71819960861056,76.28180039138944,2,102,8.361474616416817
C00213,44,59,1893,0,1,0,0,0,1,0,42.92517006802721,16.074829931972793,2,0,7.546446273746024
C00214,7,142,3099,0,0,1,1,1,0,0,436.47887323943667,-294.47887323943667,0,0,8.039157390473237
C00215,59,29,1393,1,1,0,0,0,0,1,23.57021996615905,5.429780033840949,2,59,7.2399325913204695
C00216,8,102,2161,1,1,1,0,1,0,0,266.7901234567901,-164.79012345679013,0,8,7.6787889981991535
C00217,10,152,5250,0,1,1,1,0,1,0,519.8019801980198,-367.8019801980198,0,0,8.566173813637858
C00218,67,182,6193,2,1,0,0,1,0,0,92.29508196721312,89.70491803278688,2,134,8.731336360533149
C00219,45,177,3091,1,0,0,0,1,0,0,68.53658536585365,108.46341463414635,2,45,8.036573409707312
C00220,33,198,2226,2,1,0,0,1,0,0,67.25075528700906,130.74924471299096,1,66,7.708410667257367
C00221,57,118,5412,2,0,1,0,0,1,0,94.78108581436076,23.218914185639235,2,114,8.596558746796978
C00222,67,37,1247,0,0,1,0,0,1,0,18.58420268256334,18.41579731743666,2,0,7.129297548929373
C00223,31,70,1256,0,0,0,0,0,1,0,40.38585209003215,29.614147909967848,1,0,7.136483208590247
C00224,19,43,6118,1,1,0,0,0,0,1,320.31413612565444,-277.31413612565444,1,19,8.71915396346254
C00225,40,156,7024,1,0,0,0,0,0,1,175.16209476309226,-19.162094763092256,2,40,8.857230494201946
C00226,24,142,7012,1,1,0,0,0,1,0,290.954356846473,-148.954356846473,1,24,8.85552084853691
C00227,57,123,5830,0,1,0,0,1,0,0,102.1015761821366,20.898423817863403,2,0,8.670943791222156
C00228,53,183,4023,2,1,1,0,0,0,1,75.76271186440678,107.23728813559322,2,106,8.300031711779575
C00229,24,32,1635,1,0,1,0,1,0,0,67.84232365145228,-35.842323651452276,1,24,7.400009517162692
C00230,32,149,5477,2,0,1,0,1,0,0,170.62305295950156,-21.623052959501564,1,64,8.608495349823023
C00231,33,99,3225,1,0,1,0,0,1,0,97.43202416918429,1.567975830815712,1,33,8.078998258685154
C00232,20,151,2681,1,0,1,0,0,1,0,133.38308457711443,17.61691542288557,1,20,7.894318063841624
C00233,12,52,7459,2,0,0,0,0,0,1,616.4462809917355,-564.4462809917355,0,24,8.917310693197807
C00234,61,24,217,1,0,1,0,0,0,1,3.551554828150573,20.44844517184943,2,61,5.384495062789089
C00235,65,94,7183,1,0,1,0,1,0,0,110.33794162826422,-16.33794162826422,2,65,8.879611609982035
C00236,13,115,6305,2,0,1,0,0,1,0,481.2977099236641,-366.2977099236641,1,26,8.749256840105007
C00237,61,51,810,1,0,0,0,1,0,0,13.2569558101473,37.7430441898527,2,61,6.698268054115413
C00238,33,151,6705,0,0,1,0,1,0,0,202.5679758308157,-51.5679758308157,1,0,8.810757927026174
C00239,21,138,6404,2,1,1,0,0,1,0,303.50710900473933,-165.50710900473933,1,42,8.764834214330834
C00240,56,108,6378,2,1,1,0,1,0,0,113.68983957219251,-5.689839572192511,2,112,8.760766624241956
C00241,69,121,7669,1,1,0,0,0,0,1,110.98408104196817,10.015918958031833,2,69,8.945071894361302
C00242,16,196,7704,2,0,0,0,0,0,1,478.5093167701863,-282.5093167701863,1,32,8.949624747754216
C00243,28,33,1099,2,0,1,0,0,1,0,39.11032028469751,-6.110320284697508,1,56,7.003065458786462
C00244,53,123,4561,1,1,1,0,1,0,0,85.89453860640302,37.10546139359698,2,53,8.425516402844334
C00245,23,104,2991,2,0,0,0,0,0,1,129.48051948051946,-25.48051948051946,1,46,8.003697339094368
C00246,15,60,3032,0,0,1,0,1,0,0,200.79470198675497,-140.79470198675497,1,0,8.017307507688582
C00247,43,130,6856,1,0,0,0,1,0,0,159.07192575406032,-29.071925754060317,2,43,8.833025307284364
C00248,60,48,4747,1,0,1,0,1,0,0,78.98502495840266,-30.98502495840266,2,60,8.465478755729558
C00249,48,79,3083,1,1,1,0,1,0,0,64.0956340956341,14.904365904365903,2,48,8.03398273468322
C00250,58,90,3841,2,0,1,0,0,0,1,66.11015490533563,23.889845094664366,2,116,8.253748343328501
C00251,24,48,1639,0,1,0,0,0,0,1,68.00829875518671,-20.008298755186715,1,0,7.402451520818244
C00252,9,138,515,2,0,0,1,0,1,0,56.5934065934066,81.4065934065934,0,18,6.246106765481563
C00253,55,71,1965,2,1,1,0,0,1,0,35.66243194192377,35.33756805807623,2,110,7.583756300707112
C00254,26,182,3882,0,1,0,0,0,0,1,148.73563218390802,33.264367816091976,1,0,8.264363329731667
C00255,31,88,4230,2,0,1,0,0,0,1,136.0128617363344,-48.0128617363344,1,62,8.350193650720067
C00256,29,178,7961,2,1,0,0,0,0,1,273.573883161512,-95.57388316151201,1,58,8.982435503560263
C00257,65,30,6769,0,0,0,0,0,1,0,103.97849462365592,-73.97849462365592,2,0,8.820256365906321
C00258,50,120,1839,2,1,0,0,0,1,0,36.706586826347305,83.2934131736527,2,100,7.517520850603031
C00259,54,191,6674,2,0,1,0,0,1,0,123.36414048059149,67.63585951940851,2,108,8.80612448326845
C00260,31,85,1935,1,1,0,0,0,0,1,62.21864951768489,22.781350482315112,1,31,7.568379267836522
C00261,49,41,7108,2,1,1,0,1,0,0,144.76578411405296,-103.76578411405296,2,98,8.869116865929483
C00262,44,176,4069,2,0,0,0,1,0,0,92.26757369614512,83.73242630385488,2,88,8.311398278436641
C00263,1,39,2429,0,1,1,1,0,1,0,2208.181818181818,-2169.181818181818,0,0,7.795646536334594
C00264,71,156,812,1,0,0,0,0,1,0,11.420534458509144,144.57946554149086,2,71,6.70073110954781
C00265,34,172,1619,2,1,1,0,0,0,1,47.47800586510264,124.52199413489737,1,68,7.3901814282264295
C00266,6,115,1677,2,1,1,0,1,0,0,274.91803278688525,-159.91803278688525,0,12,7.425357887027151
C00267,29,92,1792,0,1,0,0,0,1,0,61.5807560137457,30.4192439862543,1,0,7.491645473605133
C00268,69,177,2153,2,0,0,0,1,0,0,31.15774240231549,145.84225759768452,2,138,7.675081857716334
C00269,19,63,1186,2,0,1,0,0,0,1,62.09424083769633,0.9057591623036672,1,38,7.079184394609668
C00270,43,81,7187,2,0,1,0,0,1,0,166.75174013921114,-85.75174013921114,2,86,8.88016824790345
C00271,8,160,7182,0,0,1,1,1,0,0,886.6666666666667,-726.6666666666667,0,0,8.879472402074802
C00272,43,85,6192,1,1,1,0,0,1,0,143.6658932714617,-58.6658932714617,2,43,8.731174900938061
C00273,29,64,6131,1,1,0,0,0,0,1,210.6872852233677,-146.6872852233677,1,29,8.721276239991704
C00274,67,142,1008,0,0,1,0,0,0,1,15.022354694485843,126.97764530551416,2,0,6.9167150203536085
C00275,66,196,2989,0,0,0,0,0,0,1,45.21936459909229,150.78063540090773,2,0,8.003028666384733
C00276,49,94,4521,1,1,1,0,1,0,0,92.07739307535641,1.9226069246435884,2,49,8.416709652837914
C00277,58,174,1493,2,0,0,0,0,1,0,25.69707401032702,148.30292598967299,2,116,7.309212365692763
C00278,3,72,4282,1,1,0,0,0,1,0,1381.2903225806451,-1309.2903225806451,0,3,8.36240897761537
C00279,66,128,7087,1,0,1,0,0,0,1,107.21633888048413,20.78366111951587,2,66,8.866158492284917
C00280,57,43,6209,2,0,1,0,1,0,0,108.73905429071803,-65.73905429071803,2,114,8.733916174927524
C00281,17,25,7759,2,0,1,0,0,1,0,453.74269005847947,-428.74269005847947,1,34,8.956737613177264
C00282,18,158,7475,2,1,0,0,0,0,1,412.9834254143646,-254.9834254143646,1,36,8.919453168575453
C00283,2,56,7493,0,0,1,1,0,0,1,3568.095238095238,-3512.095238095238,0,0,8.921857979353632
C00284,13,94,261,0,1,0,0,1,0,0,19.923664122137406,74.07633587786259,1,0,5.568344503761097
C00285,26,171,6538,2,1,0,0,0,1,0,250.49808429118772,-79.49808429118772,1,52,8.785539527561276
C00286,48,80,6186,0,1,1,0,0,0,1,128.6070686070686,-48.60706860706861,2,0,8.73020559553099
C00287,11,60,627,1,0,0,0,0,0,1,56.48648648648649,3.5135135135135087,0,11,6.4425401664681985
C00288,42,83,1173,1,1,0,0,1,0,0,27.862232779097386,55.13776722090262,2,42,7.068172000388042
C00289,22,58,6472,1,0,1,0,0,0,1,292.85067873303166,-234.85067873303166,1,22,8.77539495854551
C00290,57,123,5518,1,1,1,0,0,1,0,96.63747810858143,26.362521891418567,2,57,8.615951963439501
C00291,63,177,5573,1,1,0,0,0,1,0,88.32012678288432,88.67987321711568,2,63,8.625868208041894
C00292,65,59,6420,2,0,0,0,0,1,0,98.61751152073734,-39.61751152073734,2,130,8.76732914779405
C00293,13,140,727,1,1,0,0,1,0,0,55.49618320610687,84.50381679389312,1,13,6.590301048196686
C00294,70,128,5423,0,1,0,0,1,0,0,77.36091298145507,50.63908701854493,2,0,8.598588829620232
C00295,6,59,6657,2,0,0,0,0,1,0,1091.311475409836,-1032.311475409836,0,12,8.80357441813497
C00296,66,44,1995,1,1,0,0,0,0,1,30.181543116490168,13.818456883509832,2,66,7.59890045687141
C00297,15,163,4659,0,0,0,0,0,1,0,308.5430463576159,-145.54304635761588,1,0,8.446770727119691
C00298,66,136,7139,0,0,0,0,1,0,0,108.00302571860819,27.996974281391815,2,0,8.87346805533363
C00299,47,193,5219,2,0,1,0,0,1,0,110.80679405520169,82.19320594479831,2,94,8.560252680876685
C00300,26,93,3151,1,1,0,0,0,0,1,120.727969348659,-27.727969348659002,1,26,8.05579245097777
C00301,14,176,5655,1,1,1,0,0,1,0,401.06382978723406,-225.06382978723406,1,14,8.640472207576408
C00302,65,84,1193,0,0,1,0,0,0,1,18.325652841781874,65.67434715821813,2,0,7.085064293952548
C00303,58,128,7204,0,1,0,0,1,0,0,123.99311531841651,4.006884681583486,2,0,8.882530508433623
C00304,21,179,840,1,1,1,0,1,0,0,39.81042654028436,139.18957345971563,1,21,6.734591659972948
C00305,61,61,7474,0,0,1,0,0,1,0,122.3240589198036,-61.324058919803605,2,0,8.919319398258887
C00306,11,88,7410,1,0,0,0,0,1,0,667.5675675675676,-579.5675675675676,0,11,8.910720661951359
C00307,20,107,2288,2,1,1,0,1,0,0,113.83084577114427,-6.8308457711442685,1,40,7.735870319952567
C00308,55,169,1513,2,0,0,0,0,0,1,27.459165154264973,141.54083484573502,2,110,7.322510433997394
C00309,9,149,1431,0,0,0,1,0,0,1,157.25274725274727,-8.25274725274727,0,0,7.266827347520591
C00310,41,98,7631,1,1,0,0,1,0,0,185.669099756691,-87.669099756691,2,41,8.940105213128122
C00311,58,72,6062,0,0,0,0,1,0,0,104.33734939759036,-32.33734939759036,2,0,8.70996000607173
C00312,61,177,5838,0,1,1,0,0,1,0,95.54828150572831,81.45171849427169,2,0,8.672314828283538
C00313,32,100,7901,1,1,0,0,0,1,0,246.13707165109034,-146.13707165109034,1,32,8.974871170971337
C00314,46,192,169,0,1,0,0,1,0,0,3.6659436008676787,188.33405639913232,2,0,5.135798437050262
C00315,28,185,4320,1,0,0,0,0,1,0,153.73665480427044,31.263345195729556,1,28,8.371242135931933
C00316,39,166,805,1,0,1,0,0,1,0,20.588235294117645,145.41176470588235,2,39,6.692083742506628
C00317,61,99,6541,0,0,0,0,0,0,1,107.05400981996726,-8.054009819967263,2,0,8.785998208098329
C00318,38,63,5531,0,0,1,0,0,0,1,145.17060367454067,-82.17060367454067,2,0,8.61830469278465
C00319,34,90,7911,0,0,0,0,0,0,1,231.99413489736068,-141.99413489736068,1,0,8.976135873302548
C00320,43,63,4351,2,1,0,0,1,0,0,100.95127610208816,-37.95127610208816,2,86,8.378390788535778
C00321,25,156,3381,1,0,1,0,1,0,0,134.7011952191235,21.29880478087651,1,25,8.126222529458525
C00322,52,60,2095,2,1,1,0,1,0,0,40.21113243761996,19.78886756238004,2,104,7.647786045440933
C00323,18,147,2845,0,1,0,0,1,0,0,157.18232044198894,-10.182320441988935,1,0,7.953669778649798
C00324,9,55,4064,0,1,0,1,1,0,0,446.5934065934066,-391.5934065934066,0,0,8.310169021981912
C00325,57,80,177,1,0,0,0,0,1,0,3.0998248686514884,76.9001751313485,2,57,5.181783550292085
C00326,45,125,5533,1,0,0,0,0,1,0,122.68292682926828,2.3170731707317174,2,45,8.618666160346871
C00327,51,98,6795,2,1,1,0,0,1,0,132.97455968688845,-34.974559686888455,2,102,8.824089482791823
C00328,57,115,7867,0,1,0,0,0,0,1,137.77583187390542,-22.775831873905418,2,0,8.97055917950895
C00329,29,90,2039,1,0,0,0,0,1,0,70.06872852233677,19.93127147766323,1,29,7.620705086838262
C00330,50,151,3525,1,1,0,0,0,0,1,70.35928143712574,80.64071856287426,2,50,8.167919362957816
C00331,25,180,6676,2,0,1,0,0,0,1,265.9760956175299,-85.9760956175299,1,50,8.806424063857868
C00332,55,84,4026,0,1,0,0,0,1,0,73.0671506352087,10.932849364791295,2,0,8.300776960851454
C00333,31,40,7644,1,0,0,0,0,1,0,245.7877813504823,-205.7877813504823,1,31,8.941807118363164
C00334,11,185,7387,1,1,0,0,1,0,0,665.4954954954956,-480.49549549549556,0,11,8.90761234131913
C00335,43,70,1690,0,0,1,0,1,0,0,39.21113689095127,30.788863109048727,2,0,7.43307534889858
C00336,18,188,2878,0,0,0,0,0,0,1,159.00552486187843,28.994475138121572,1,0,7.965198290612176
C00337,9,24,3090,2,0,1,0,0,0,1,339.5604395604396,-315.5604395604396,0,18,8.036249942132116
C00338,6,161,458,0,1,0,1,0,0,1,75.08196721311477,85.91803278688523,0,0,6.129050210060545
C00339,28,95,6110,1,0,1,0,0,0,1,217.4377224199288,-122.4377224199288,1,28,8.717845704894916
C00340,4,20,5182,2,1,1,0,1,0,0,1263.9024390243903,-1243.9024390243903,0,8,8.553139318189707
C00341,68,46,7768,0,0,0,0,0,0,1,114.0675477239354,-68.0675477239354,2,0,8.95789673495042
C00342,58,142,1452,1,1,1,0,0,1,0,24.991394148020653,117.00860585197935,2,58,7.2813856635702825
C00343,67,67,1052,0,1,1,0,0,0,1,15.678092399403877,51.32190760059612,2,0,6.959398512133975
C00344,32,80,2998,2,1,1,0,0,0,1,93.39563862928348,-13.395638629283482,1,64,8.00603417874901
C00345,65,29,3138,1,0,1,0,1,0,0,48.20276497695853,-19.202764976958527,2,65,8.051659556841953
C00346,10,89,6631,0,0,0,1,0,0,1,656.5346534653465,-567.5346534653465,0,0,8.79966169681513
C00347,65,178,4809,1,0,0,0,0,0,1,73.87096774193549,104.12903225806451,2,65,8.478452363099807
C00348,3,129,7607,0,0,1,1,1,0,0,2453.8709677419356,-2324.8709677419356,0,0,8.936955604225226
C00349,32,138,714,1,0,0,0,0,0,1,22.242990654205606,115.75700934579439,1,32,6.5722825426940075
C00350,54,181,6354,0,1,0,0,0,0,1,117.44916820702403,63.55083179297597,2,0,8.756997183623554
C00351,57,187,774,1,1,0,0,1,0,0,13.555166374781086,173.4448336252189,2,57,6.652863029353347
C00352,34,38,7888,0,1,1,0,0,1,0,231.31964809384164,-193.31964809384164,1,0,8.97322466309509
C00353,6,137,4804,1,1,0,1,0,0,1,787.5409836065575,-650.5409836065575,0,6,8.477412321404392
C00354,7,54,1631,1,1,1,0,0,1,0,229.71830985915494,-175.71830985915494,0,7,7.397561535524052
C00355,39,170,4762,0,0,0,0,0,0,1,121.79028132992327,48.209718670076725,2,0,8.46863300080086
C00356,44,68,1931,2,0,1,0,1,0,0,43.78684807256236,24.213151927437643,2,88,7.566311014772463
C00357,47,46,7361,1,1,1,0,0,1,0,156.28450106157112,-110.28450106157112,2,47,8.904086913938967
C00358,66,184,1534,0,1,0,0,0,0,1,23.20726172465961,160.79273827534038,2,0,7.336285660021297
C00359,46,119,656,0,0,1,0,1,0,0,14.22993492407809,104.7700650759219,2,0,6.48768401848461
C00360,49,168,4471,2,1,1,0,1,0,0,91.0590631364562,76.9409368635438,2,98,8.405591014834934
C00361,45,118,4416,2,0,0,0,1,0,0,97.91574279379157,20.084257206208434,2,90,8.393216011596527
C00362,5,134,3651,1,1,1,1,0,1,0,715.8823529411765,-581.8823529411765,0,5,8.20303024171486
C00363,30,138,1585,1,1,0,0,1,0,0,52.6578073089701,85.34219269102991,1,30,7.368970402194793
C00364,48,53,7371,2,0,0,0,0,1,0,153.24324324324323,-100.24324324324323,2,96,8.905444318789714
C00365,17,24,1389,1,0,0,0,1,0,0,81.22807017543859,-57.22807017543859,1,17,7.237059026124737
C00366,17,124,1196,0,0,1,0,0,1,0,69.94152046783626,54.058479532163744,1,0,7.087573705557973
C00367,33,101,2979,2,1,0,0,0,1,0,90.0,11.0,1,66,7.9996785794994505
C00368,10,81,5158,1,1,1,0,0,0,1,510.69306930693074,-429.69306930693074,0,10,8.54849804124465
C00369,37,58,5083,0,0,1,0,0,1,0,137.00808625336927,-79.00808625336927,2,0,8.533853632309345
C00370,32,148,2526,2,0,1,0,0,0,1,78.69158878504672,69.30841121495328,1,64,7.834788107388194
C00371,20,49,5058,1,0,1,0,0,0,1,251.6417910447761,-202.6417910447761,1,20,8.528924114291936
C00372,14,27,2388,2,1,0,0,1,0,0,169.36170212765958,-142.36170212765958,1,28,7.77863014732581
C00373,57,126,1514,0,1,0,0,1,0,0,26.514886164623466,99.48511383537654,2,0,7.323170717943469
C00374,40,130,5612,1,1,1,0,0,0,1,139.9501246882793,-9.950124688279288,2,40,8.6328406149422
C00375,29,20,4628,1,1,1,0,1,0,0,159.03780068728523,-139.03780068728523,1,29,8.44009614103127
C00376,33,196,2107,1,1,0,0,1,0,0,63.65558912386707,132.34441087613294,1,33,7.653494909661253
C00377,36,192,3483,1,0,0,0,0,0,1,96.48199445983379,95.51800554016621,1,36,8.155936337972394
C00378,31,181,4712,2,0,1,0,1,0,0,151.5112540192926,29.488745980707392,1,62,8.45807992692373
C00379,41,76,4187,2,0,1,0,1,0,0,101.8734793187348,-25.873479318734795,2,82,8.339978571990427
C00380,21,180,3061,1,0,0,0,1,0,0,145.07109004739337,34.92890995260663,1,21,8.026823576217629
C00381,68,67,2144,2,1,1,0,0,1,0,31.483113069016156,35.516886930983844,2,136,7.6708948313621175
C00382,67,64,5558,1,1,0,0,0,1,0,82.83159463487333,-18.831594634873326,2,67,8.62317351495347
C00383,24,185,1550,2,0,1,0,0,0,1,64.31535269709543,120.68464730290457,1,48,7.346655163176539
C00384,47,187,4343,1,1,1,0,1,0,0,92.20806794055201,94.79193205944799,2,47,8.37655086161377
C00385,1,188,7165,0,0,0,1,1,0,0,6513.636363636363,-6325.636363636363,0,0,8.8771028978649
C00386,25,90,1649,0,0,1,0,0,1,0,65.69721115537848,24.302788844621517,1,0,7.408530566894626
C00387,70,168,2375,1,1,0,0,1,0,0,33.88017118402283,134.11982881597717,2,70,7.773173680482536
C00388,42,156,2302,2,0,0,0,0,0,1,54.679334916864605,101.3206650831354,2,84,7.741967899820685
C00389,42,126,5532,0,0,0,0,0,1,0,131.40142517814726,-5.401425178147264,2,0,8.618485442898109
C00390,4,105,2534,0,1,0,1,0,0,1,618.048780487805,-513.048780487805,0,0,7.837948916025283
C00391,3,79,1299,1,0,1,0,0,1,0,419.0322580645161,-340.0322580645161,0,3,7.170119543449628
C00392,56,147,253,0,1,0,0,0,1,0,4.509803921568627,142.49019607843138,2,0,5.537334267018537
C00393,6,63,2156,0,1,1,1,0,1,0,353.44262295081967,-290.44262295081967,0,0,7.676473646389156
C00394,22,65,1947,0,1,1,0,1,0,0,88.09954751131221,-23.09954751131221,1,0,7.5745584842024805
C00395,61,116,6302,1,1,0,0,0,0,1,103.14238952536824,12.857610474631755,2,61,8.74878098951311
C00396,57,134,2241,0,1,1,0,0,0,1,39.24693520140105,94.75306479859896,2,0,7.715123603632105
C00397,5,39,3370,0,1,0,1,0,1,0,660.7843137254903,-621.7843137254903,0,0,8.12296471523406
C00398,59,95,7232,2,1,1,0,0,1,0,122.36886632825718,-27.368866328257184,2,118,8.886409166849282
C00399,62,159,446,1,0,0,0,1,0,0,7.181964573268921,151.8180354267311,2,62,6.102558594613569
C00400,53,27,4429,2,0,0,0,0,0,1,83.40866290018832,-56.40866290018832,2,106,8.39615486303918
C00401,6,198,6427,0,0,1,1,0,1,0,1053.6065573770493,-855.6065573770493,0,0,8.768418726857403
C00402,45,199,7564,0,1,0,0,0,1,0,167.71618625277162,31.28381374722838,2,0,8.931287626222456
C00403,69,115,4730,1,1,1,0,0,1,0,68.45151953690305,46.54848046309695,2,69,8.461891875631148
C00404,20,37,4631,0,0,0,0,0,0,1,230.39800995024873,-193.39800995024873,1,0,8.440744019252831
C00405,25,184,7662,0,0,1,0,0,1,0,305.2589641434263,-121.25896414342628,1,0,8.944158830970403
C00406,45,104,2541,0,0,1,0,0,0,1,56.34146341463414,47.65853658536586,2,0,7.8407064517494
C00407,3,75,3048,1,0,0,0,0,0,1,983.2258064516129,-908.2258064516129,0,3,8.022568946988255
C00408,5,44,7840,1,0,0,0,0,1,0,1537.2549019607843,-1493.2549019607843,0,5,8.967121656230923
C00409,48,46,6056,0,0,0,0,1,0,0,125.9043659043659,-79.9043659043659,2,0,8.708969906980947
C00410,48,149,7690,0,1,1,0,1,0,0,159.87525987525987,-10.875259875259871,2,0,8.947806093057054
C00411,23,134,4413,1,0,1,0,0,0,1,191.03896103896102,-57.03896103896102,1,23,8.392536586816682
C00412,48,95,1168,1,1,0,0,1,0,0,24.282744282744282,70.71725571725571,2,48,7.063903961472068
C00413,64,131,3127,2,0,0,0,0,0,1,48.783151326053044,82.21684867394696,2,128,8.048149101665201
C00414,2,158,3460,2,0,0,0,0,0,1,1647.6190476190475,-1489.6190476190475,0,4,8.149312843635345
C00415,48,87,6197,1,1,1,0,0,1,0,128.83575883575884,-41.83575883575884,2,48,8.731981938347694
C00416,48,151,530,2,1,0,0,0,1,0,11.018711018711018,139.98128898128897,2,96,6.274762021241939
C00417,51,83,7409,2,1,0,0,1,0,0,144.99021526418787,-61.99021526418787,2,102,8.910585718290132
C00418,59,183,4605,1,1,0,0,0,0,1,77.91878172588832,105.08121827411168,2,59,8.43511508038063
C00419,35,113,6754,0,0,1,0,1,0,0,192.42165242165242,-79.42165242165242,1,0,8.818038250394299
C00420,18,53,6260,0,1,0,0,1,0,0,345.8563535911602,-292.8563535911602,1,0,8.74209519574531
C00421,39,146,3886,1,1,1,0,1,0,0,99.38618925831202,46.613810741687985,2,39,8.265392930852224
C00422,14,158,1718,1,0,1,0,1,0,0,121.84397163120568,36.156028368794324,1,14,7.449498005382849
C00423,5,172,2066,1,0,1,0,1,0,0,405.0980392156863,-233.0980392156863,0,5,7.633853559681768
C00424,5,93,3720,0,1,0,1,0,1,0,729.4117647058824,-636.4117647058824,0,0,8.221747728346623
C00425,52,47,7270,2,1,0,0,0,0,1,139.53934740882917,-92.53934740882917,2,104,8.891649112650057
C00426,54,61,1714,0,0,1,0,1,0,0,31.682070240295747,29.317929759704253,2,0,7.44716835960004
C00427,34,191,4220,1,1,0,0,1,0,0,123.75366568914956,67.24633431085044,1,34,8.347827345782498
C00428,3,178,1423,0,1,1,1,0,1,0,459.0322580645161,-281.0322580645161,0,0,7.261225091971921
C00429,36,169,7102,1,0,1,0,0,0,1,196.73130193905817,-27.73130193905817,1,36,8.86827250899781
C00430,10,21,4968,1,0,1,0,0,0,1,491.8811881188119,-470.8811881188119,0,10,8.51097389160232
C00431,70,156,2011,2,1,0,0,0,1,0,28.687589158345222,127.31241084165478,2,140,7.60688453121963
C00432,62,116,2103,1,0,1,0,0,0,1,33.864734299516904,82.1352657004831,2,62,7.651595573857601
C00433,14,162,325,2,1,0,0,0,1,0,23.04964539007092,138.9503546099291,1,28,5.786897381366708
C00434,67,21,5850,2,1,0,0,0,0,1,87.18330849478392,-66.18330849478392,2,134,8.674367865788236
C00435,8,152,499,0,0,0,1,0,0,1,61.604938271604944,90.39506172839506,0,0,6.214608098422191
C00436,29,151,1329,0,1,1,0,1,0,0,45.670103092783506,105.3298969072165,1,0,7.1929342212158
C00437,30,100,3098,0,0,0,0,0,0,1,102.9235880398671,-2.9235880398670986,1,0,8.038834757787749
C00438,68,93,3075,0,1,0,0,0,1,0,45.15418502202643,47.84581497797357,2,0,8.031385330625534
C00439,46,76,5865,1,0,1,0,0,0,1,127.2234273318872,-51.223427331887194,2,46,8.676928249537397
C00440,60,47,6373,0,0,1,0,0,1,0,106.03993344425956,-59.03993344425956,2,0,8.759982494977281
C00441,61,26,3471,1,0,0,0,0,1,0,56.80851063829787,-30.808510638297868,2,61,8.15248607578024
C00442,52,70,5784,2,0,0,0,0,0,1,111.0172744721689,-41.01727447216891,2,104,8.663023639627777
C00443,29,85,5965,2,0,0,0,0,1,0,204.9828178694158,-119.98281786941581,1,58,8.693831965074693
C00444,59,126,6287,1,0,1,0,0,1,0,106.37901861252115,19.62098138747885,2,59,8.746398334109042
C00445,58,150,5290,1,0,1,0,0,1,0,91.0499139414802,58.9500860585198,2,58,8.57376254290413
C00446,8,168,7608,2,0,0,0,0,1,0,939.2592592592594,-771.2592592592594,0,16,8.937087036176523
C00447,13,190,6568,0,1,1,0,0,0,1,501.37404580152673,-311.37404580152673,1,0,8.790116892892472
C00448,50,190,6770,0,0,1,0,0,1,0,135.12974051896208,54.87025948103792,2,0,8.820404065485645
C00449,59,165,7758,1,1,1,0,0,0,1,131.26903553299493,33.730964467005066,2,59,8.95660873889395
C00450,15,113,6537,2,0,1,0,0,0,1,432.91390728476824,-319.91390728476824,1,30,8.785386587284156
C00451,64,57,5241,1,0,0,0,0,0,1,81.7628705148206,-24.762870514820605,2,64,8.564458383883352
C00452,19,192,2908,1,0,1,0,0,1,0,152.25130890052355,39.748691099476446,1,19,7.975564658495202
C00453,36,67,4566,0,0,1,0,0,0,1,126.48199445983379,-59.481994459833786,1,0,8.426611813185
C00454,68,24,3316,1,0,0,0,1,0,0,48.693098384728344,-24.693098384728344,2,68,8.106816038947052
C00455,10,34,5589,0,0,0,1,0,1,0,553.3663366336634,-519.3663366336634,0,0,8.628734566149145
C00456,1,30,6242,2,0,0,0,1,0,0,5674.545454545454,-5644.545454545454,0,2,8.739216115061744
C00457,31,160,5208,1,1,1,0,0,0,1,167.45980707395498,-7.459807073954977,1,31,8.558143177745192
C00458,1,186,622,2,1,1,1,0,0,1,565.4545454545454,-379.4545454545454,0,2,6.434546518787453
C00459,53,102,7501,0,0,1,0,0,1,0,141.2617702448211,-39.26177024482109,2,0,8.922924930641832
C00460,28,187,3207,1,1,0,0,0,0,1,114.12811387900355,72.87188612099645,1,28,8.073402968986406
C00461,49,80,3534,0,0,1,0,0,1,0,71.9755600814664,8.024439918533602,2,0,8.170468578330674
C00462,40,158,4093,1,1,0,0,0,0,1,102.06982543640898,55.930174563591024,2,40,8.317277766221235
C00463,56,143,6530,1,1,1,0,1,0,0,116.39928698752227,26.600713012477726,2,56,8.784315349902657
C00464,10,168,5667,1,1,1,1,0,0,1,561.0891089108911,-393.0891089108911,0,10,8.64259160081057
C00465,63,125,6204,0,0,0,0,1,0,0,98.3201267828843,26.6798732171157,2,0,8.733110697638708
C00466,38,59,3970,1,0,0,0,0,1,0,104.1994750656168,-45.199475065616795,2,38,8.286773231131251
C00467,46,37,5635,2,0,0,0,0,0,1,122.23427331887201,-85.23427331887201,2,92,8.636929873018572
C00468,23,23,4012,1,1,1,0,0,0,1,173.67965367965368,-150.67965367965368,1,23,8.297294370266917
C00469,53,146,6760,1,1,1,0,1,0,0,127.30696798493409,18.69303201506591,2,53,8.818926087090677
C00470,6,115,4534,0,1,1,1,1,0,0,743.2786885245902,-628.2786885245902,0,0,8.419580362549237
C00471,2,194,5397,0,1,0,1,0,0,1,2570.0,-2376.0,0,0,8.59378379357795
C00472,52,55,2628,0,0,1,0,0,1,0,50.44145873320537,4.558541266794627,2,0,7.874358824729881
C00473,45,187,1946,1,1,0,0,0,0,1,43.148558758314856,143.85144124168514,2,45,7.5740450053721995
C00474,13,106,5999,2,0,1,0,0,1,0,457.9389312977099,-351.9389312977099,1,26,8.699514748210191
C00475,19,82,7583,0,1,0,0,0,1,0,397.0157068062827,-315.0157068062827,1,0,8.933796043934858
C00476,44,24,6003,2,1,1,0,0,1,0,136.12244897959184,-112.12244897959184,2,88,8.700181192753353
C00477,14,131,903,2,1,1,0,0,0,1,64.04255319148936,66.95744680851064,1,28,6.806829360392176
C00478,29,117,3187,2,1,1,0,0,0,1,109.51890034364261,7.481099656357387,1,58,8.067149039910106
C00479,32,59,4807,0,0,1,0,0,1,0,149.75077881619936,-90.75077881619936,1,0,8.478036476215044
C00480,11,160,4666,2,0,0,1,0,1,0,420.36036036036035,-260.36036036036035,0,22,8.448271745949816
C00481,69,58,3105,1,1,0,0,0,0,1,44.93487698986976,13.065123010130243,2,69,8.041091003708633
C00482,32,199,5789,0,1,0,0,0,0,1,180.34267912772586,18.65732087227414,1,0,8.663887570567042
C00483,13,189,6302,2,0,0,0,1,0,0,481.0687022900764,-292.0687022900764,1,26,8.74878098951311
C00484,27,147,7103,2,1,1,0,0,1,0,262.1033210332103,-115.1033210332103,1,54,8.868413284672005
C00485,50,74,7599,0,0,1,0,0,1,0,151.6766467065868,-77.67664670658681,2,0,8.935903526274423
C00486,66,67,6774,0,0,1,0,1,0,0,102.48108925869894,-35.481089258698944,2,0,8.820994645747902
C00487,57,165,5425,0,0,0,0,0,1,0,95.00875656742556,69.99124343257444,2,0,8.598957493218878
C00488,9,72,2417,0,1,1,1,0,0,1,265.6043956043956,-193.60439560439562,0,0,7.790696031174738
C00489,66,156,677,0,1,0,0,0,1,0,10.242057488653556,145.75794251134644,2,0,6.519147287940395
C00490,56,52,4061,1,1,1,0,0,0,1,72.38859180035651,-20.388591800356508,2,56,8.30943074214033
C00491,44,30,4695,1,1,1,0,0,1,0,106.4625850340136,-76.4625850340136,2,44,8.454466361507933
C00492,54,123,7652,0,0,1,0,0,0,1,141.44177449168205,-18.441774491682054,2,0,8.942853006809921
C00493,2,114,5468,1,1,1,0,0,1,0,2603.809523809524,-2489.809523809524,0,2,8.606851063346772
C00494,68,128,2102,0,1,1,0,0,0,1,30.866372980910427,97.13362701908957,2,0,7.6511201757027
C00495,22,164,2339,1,0,0,0,0,1,0,105.83710407239818,58.162895927601824,1,22,7.757906208351747
C00496,50,128,6970,0,1,1,0,0,1,0,139.12175648702595,-11.121756487025948,2,0,8.849513965486398
C00497,2,49,5917,2,0,1,0,1,0,0,2817.6190476190477,-2768.6190476190477,0,4,8.685753832960154
C00498,46,198,2158,0,0,0,0,1,0,0,46.81127982646421,151.18872017353578,2,0,7.677400430514807
C00499,1,185,5755,2,1,1,1,0,1,0,5231.818181818181,-5046.818181818181,0,2,8.657998068007258
C00500,27,181,4292,0,0,1,0,1,0,0,158.37638376383762,22.623616236162377,1,0,8.36474106822456
