CustomerID,Tenure,MonthlyCharges,TotalCharges,Contract,PaymentMethod,PaperlessBilling,SeniorCitizen,Churn,Customer_Lifetime_Value,Expected_Payment,Payment_Efficiency,Avg_Monthly_Spend,Tenure_Group
C00001,-0.8857142857142857,-0.5604395604395604,-0.6557885593746122,One year,Credit Card,No,1.0,0.0,0.4963893249607535,0.4963893249607535,-1.3211173697711196,0.0,
C00002,-0.45714285714285713,-0.02197802197802198,-0.6029284030276709,Month-to-month,Electronic Check,Yes,1.0,0.0,0.010047095761381476,0.010047095761381476,-60.01021761384787,0.0,
C00003,-0.2857142857142857,-0.9230769230769231,-0.6768829879637672,Two year,Credit Card,No,1.0,0.0,0.26373626373626374,0.26373626373626374,-2.5665146626959507,0.0,
C00004,0.45714285714285713,-0.945054945054945,0.7364437275096166,Month-to-month,Electronic Check,No,1.0,0.0,-0.43202511773940344,-0.43202511773940344,0.0,1.6109706539272863,0-1 Year
C00005,-0.6,0.7692307692307693,-0.7840923191462961,One year,Electronic Check,No,1.0,0.0,-0.46153846153846156,-0.46153846153846156,0.0,0.0,
C00006,0.5142857142857142,-0.7802197802197802,0.8327335897754063,Two year,Electronic Check,No,0.0,0.0,-0.40125588697017267,-0.40125588697017267,0.0,1.619204202341068,0-1 Year
C00007,0.8285714285714286,-0.17582417582417584,-0.0011167638664846755,Two year,Bank Transfer,No,1.0,0.0,-0.14568288854003142,-0.14568288854003142,0.0,-0.0013478184595504704,0-1 Year
C00008,0.6857142857142857,0.14285714285714285,-0.27162178930388386,Month-to-month,Bank Transfer,No,1.0,0.0,0.09795918367346938,0.09795918367346938,-2.772805765810481,-0.3961151094014973,0-1 Year
C00009,0.7714285714285715,0.0989010989010989,0.9406874302022583,Month-to-month,Credit Card,No,1.0,0.0,0.07629513343799058,0.07629513343799058,12.329586276519313,1.2194096317436682,0-1 Year
C00010,-0.6571428571428571,0.054945054945054944,0.41233403648095296,One year,Bank Transfer,Yes,1.0,0.0,-0.03610675039246468,-0.03610675039246468,0.0,0.0,
C00011,0.6285714285714286,-0.6373626373626373,0.24457128676014395,One year,Credit Card,Yes,0.0,0.0,-0.4006279434850863,-0.4006279434850863,0.0,0.3890906834820472,0-1 Year
C00012,-0.8571428571428571,-0.054945054945054944,0.7692021342598337,Month-to-month,Electronic Check,No,1.0,1.0,0.04709576138147566,0.04709576138147566,16.33272531745047,0.0,
C00013,0.45714285714285713,-0.31868131868131866,-0.18476237746618687,Month-to-month,Bank Transfer,Yes,1.0,0.0,-0.1456828885400314,-0.1456828885400314,0.0,-0.4041677007072838,0-1 Year
C00014,-0.8285714285714286,0.4725274725274725,0.49919344831865,Month-to-month,Credit Card,No,1.0,1.0,-0.39152276295133437,-0.39152276295133437,0.0,0.0,
C00015,0.45714285714285713,-0.6263736263736264,-0.847375604913761,Month-to-month,Credit Card,Yes,1.0,0.0,-0.286342229199372,-0.286342229199372,0.0,-1.8536341357488522,0-1 Year
C00016,0.8,-0.4175824175824176,-0.027670926914009183,Month-to-month,Credit Card,Yes,1.0,0.0,-0.3340659340659341,-0.3340659340659341,0.0,-0.034588658642511476,0-1 Year
C00017,-0.5142857142857142,0.7912087912087912,0.17160938081647847,Two year,Credit Card,No,0.0,0.0,-0.4069073783359497,-0.4069073783359497,0.0,0.0,
C00018,0.14285714285714285,-0.15384615384615385,-0.11080779253009058,One year,Bank Transfer,Yes,0.0,0.0,-0.02197802197802198,-0.02197802197802198,0.0,-0.7756545477106341,0-1 Year
C00019,-0.8571428571428571,0.45054945054945056,0.2994168010919469,One year,Bank Transfer,Yes,0.0,1.0,-0.38618524332810045,-0.38618524332810045,0.0,0.0,
C00020,-0.3142857142857143,-0.10989010989010989,0.6664598585432436,Month-to-month,Bank Transfer,Yes,1.0,0.0,0.03453689167974882,0.03453689167974882,19.297042267820284,0.0,
C00021,0.02857142857142857,0.24175824175824176,-0.7898002233527733,Month-to-month,Electronic Check,No,1.0,0.0,0.006907378335949764,0.006907378335949764,-114.34153233539014,-27.64300781734707,0-1 Year
C00022,-0.34285714285714286,0.054945054945054944,0.16689415560243206,Two year,Credit Card,Yes,0.0,0.0,-0.018838304552590265,-0.018838304552590265,0.0,0.0,
C00023,0.6571428571428571,-0.8241758241758241,-0.6024320635314555,One year,Credit Card,No,1.0,0.0,-0.5416012558869702,-0.5416012558869702,0.0,-0.9167444445043889,0-1 Year
C00024,-0.2,-0.16483516483516483,-0.11726020598089093,Two year,Credit Card,No,1.0,0.0,0.03296703296703297,0.03296703296703297,-3.5568929147536914,0.0,
C00025,-0.34285714285714286,0.8571428571428571,0.8394341729743144,Month-to-month,Bank Transfer,No,0.0,0.0,-0.29387755102040813,-0.29387755102040813,0.0,0.0,
C00026,0.2857142857142857,0.7252747252747253,-0.22025065144558878,One year,Credit Card,No,1.0,0.0,0.2072213500784929,0.2072213500784929,-1.0628762497790916,-0.7708772800595608,0-1 Year
C00027,0.6571428571428571,-0.15384615384615385,-0.10956694378955205,Month-to-month,Bank Transfer,No,1.0,0.0,-0.1010989010989011,-0.1010989010989011,0.0,-0.16673230576670964,0-1 Year
C00028,-0.4857142857142857,-0.6483516483516484,-0.05769946643504157,One year,Bank Transfer,No,1.0,0.0,0.31491365777080066,0.31491365777080066,-0.18322313120200137,0.0,
C00029,-0.02857142857142857,0.6593406593406593,-0.12420895892790669,One year,Bank Transfer,No,0.0,0.0,-0.018838304552590265,-0.018838304552590265,0.0,0.0,
C00030,-0.08571428571428572,0.8241758241758241,0.8332299292716218,One year,Bank Transfer,No,1.0,0.0,-0.07064364207221349,-0.07064364207221349,0.0,0.0,
C00031,-0.2571428571428571,-0.15384615384615385,0.11428216900359846,One year,Electronic Check,Yes,1.0,0.0,0.03956043956043956,0.03956043956043956,2.8887992720354054,0.0,
C00032,-0.7714285714285715,0.8901098901098901,0.1594490631592009,Month-to-month,Credit Card,Yes,0.0,1.0,-0.6866562009419153,-0.6866562009419153,0.0,0.0,
C00033,0.17142857142857143,0.7362637362637363,0.7312321627993548,One year,Electronic Check,Yes,0.0,0.0,0.1262166405023548,0.1262166405023548,5.793468752527226,4.2655209496629025,0-1 Year
C00034,-0.14285714285714285,0.8791208791208791,0.7337138602804318,One year,Bank Transfer,Yes,1.0,0.0,-0.12558869701726844,-0.12558869701726844,0.0,0.0,
C00035,0.6571428571428571,-0.7802197802197802,-0.7148529594242462,One year,Credit Card,No,1.0,0.0,-0.5127158555729985,-0.5127158555729985,0.0,-1.0878197208629834,0-1 Year
C00036,0.37142857142857144,0.01098901098901099,-0.866732845266162,Month-to-month,Credit Card,No,1.0,0.0,0.004081632653061225,0.004081632653061225,-212.34954709020968,-2.3335115064858205,0-1 Year
C00037,0.0,-0.8021978021978022,-0.8029532200024817,Month-to-month,Electronic Check,No,0.0,0.0,-0.0,-0.0,0.0,0.0,
C00038,0.7142857142857143,0.5604395604395604,0.5068867105099888,Two year,Electronic Check,Yes,1.0,0.0,0.4003139717425432,0.4003139717425432,1.266222880764168,0.7096413947139842,0-1 Year
C00039,0.37142857142857144,-0.34065934065934067,-0.8250403275840675,Month-to-month,Credit Card,No,0.0,0.0,-0.12653061224489798,-0.12653061224489798,0.0,-2.2212624204186433,0-1 Year
C00040,-0.3142857142857143,0.3956043956043956,-0.5535426231542375,Two year,Electronic Check,No,0.0,0.0,-0.12433281004709576,-0.12433281004709576,0.0,0.0,
C00041,0.14285714285714285,-1.043956043956044,-0.5540389626504529,Two year,Credit Card,Yes,1.0,0.0,-0.14913657770800628,-0.14913657770800628,0.0,-3.8782727385531706,0-1 Year
C00042,-0.8571428571428571,0.3626373626373626,-0.36766348182156594,Two year,Credit Card,Yes,0.0,0.0,-0.3108320251177394,-0.3108320251177394,0.0,0.0,
C00043,0.7428571428571429,-0.2857142857142857,0.5867973694006701,One year,Electronic Check,Yes,0.0,0.0,-0.21224489795918366,-0.21224489795918366,0.0,0.7899195357316712,0-1 Year
C00044,0.14285714285714285,0.08791208791208792,-0.06688174711502667,Month-to-month,Credit Card,No,1.0,0.0,0.012558869701726845,0.012558869701726845,-5.325459114033999,-0.46817222980518675,0-1 Year
C00045,-0.08571428571428572,-0.24175824175824176,-0.2080903337883112,Two year,Credit Card,Yes,0.0,0.0,0.020722135007849293,0.020722135007849293,-10.041935047208655,0.0,
C00046,-0.14285714285714285,0.6043956043956044,0.14654423625760019,Two year,Credit Card,No,1.0,0.0,-0.08634222919937205,-0.08634222919937205,0.0,0.0,
C00047,-0.42857142857142855,-0.7582417582417582,0.8369524754932374,Month-to-month,Bank Transfer,No,1.0,0.0,0.32496075353218207,0.32496075353218207,2.5755494052617984,0.0,
C00048,0.0,0.5164835164835165,-0.11105596227819829,Month-to-month,Electronic Check,Yes,1.0,0.0,0.0,0.0,0.0,0.0,
C00049,0.5428571428571428,-0.7252747252747253,-0.20014890184886464,Month-to-month,Bank Transfer,No,0.0,0.0,-0.39372056514913656,-0.39372056514913656,0.0,-0.3686953455110665,0-1 Year
C00050,0.34285714285714286,0.06593406593406594,0.24283409852339,One year,Bank Transfer,Yes,0.0,0.0,0.02260596546310832,0.02260596546310832,10.742036163847182,0.7082661206932208,0-1 Year
C00051,0.9714285714285714,0.6263736263736264,-0.9347313562476735,Month-to-month,Electronic Check,No,1.0,0.0,0.6084772370486656,0.6084772370486656,-1.536181305288359,-0.9622234549608403,0-1 Year
C00052,-0.17142857142857143,0.42857142857142855,0.8324854200272986,Two year,Credit Card,Yes,1.0,0.0,-0.07346938775510203,-0.07346938775510203,0.0,0.0,
C00053,0.45714285714285713,-0.7362637362637363,-0.6664598585432436,One year,Credit Card,No,0.0,0.0,-0.33657770800627945,-0.33657770800627945,0.0,-1.4578809405633455,0-1 Year
C00054,0.34285714285714286,-0.5164835164835165,-0.38900608015882865,Month-to-month,Bank Transfer,Yes,1.0,0.0,-0.17708006279434854,-0.17708006279434854,0.0,-1.134601067129917,0-1 Year
C00055,-0.8,0.46153846153846156,0.7046779997518302,Month-to-month,Bank Transfer,No,0.0,1.0,-0.36923076923076925,-0.36923076923076925,0.0,0.0,
C00056,0.2857142857142857,-0.6703296703296703,0.6562848988708276,Two year,Bank Transfer,Yes,0.0,0.0,-0.19152276295133436,-0.19152276295133436,0.0,2.296997146047897,0-1 Year
C00057,0.6,0.06593406593406594,-0.160193572403524,One year,Credit Card,No,1.0,0.0,0.03956043956043956,0.03956043956043956,-4.049337524644635,-0.2669892873392067,0-1 Year
C00058,0.6285714285714286,-0.4725274725274725,0.7123712619431691,Month-to-month,Bank Transfer,Yes,0.0,0.0,-0.29701726844583987,-0.29701726844583987,0.0,1.1333179167277692,0-1 Year
C00059,-0.02857142857142857,-0.8461538461538461,-0.09691028663605906,One year,Bank Transfer,Yes,1.0,0.0,0.024175824175824173,0.024175824175824173,-4.008561856309717,0.0,
C00060,-0.3142857142857143,0.7362637362637363,0.717582826653431,Month-to-month,Credit Card,No,0.0,0.0,-0.23139717425431713,-0.23139717425431713,0.0,0.0,
C00061,-0.4,0.7912087912087912,0.35376597592753445,Month-to-month,Electronic Check,No,1.0,0.0,-0.31648351648351647,-0.31648351648351647,0.0,0.0,
C00062,-0.7714285714285715,0.8791208791208791,0.025189229432932125,Two year,Electronic Check,No,0.0,1.0,-0.6781789638932496,-0.6781789638932496,0.0,0.0,
C00063,0.45714285714285713,0.14285714285714285,0.402159076808537,One year,Bank Transfer,No,0.0,0.0,0.06530612244897958,0.06530612244897958,6.158060863630724,0.8797229805186747,0-1 Year
C00064,-0.34285714285714286,0.6703296703296703,0.07780121603176572,One year,Bank Transfer,No,1.0,0.0,-0.22982731554160124,-0.22982731554160124,0.0,0.0,
C00065,0.8,0.7142857142857143,-0.01005087479836208,One year,Credit Card,Yes,0.0,0.0,0.5714285714285715,0.5714285714285715,-0.017589030897133637,-0.012563593497952599,0-1 Year
C00066,-0.9714285714285714,0.27472527472527475,-0.40737064151879887,One year,Electronic Check,No,1.0,0.0,-0.2668759811616955,-0.2668759811616955,0.0,0.0,
C00067,0.45714285714285713,-0.5934065934065934,-0.1368656160813997,One year,Bank Transfer,No,0.0,0.0,-0.27127158555729985,-0.27127158555729985,0.0,-0.29939353517806183,0-1 Year
C00068,0.7142857142857143,-0.5824175824175825,-0.2894900111676387,Two year,Credit Card,Yes,0.0,0.0,-0.4160125588697018,-0.4160125588697018,0.0,-0.40528601563469413,0-1 Year
C00069,-1.0,-0.14285714285714285,-0.7071596972329073,Two year,Credit Card,Yes,0.0,1.0,0.14285714285714285,0.14285714285714285,-4.950117880630351,0.0,
C00070,0.45714285714285713,-1.032967032967033,0.6565330686189353,One year,Credit Card,No,0.0,0.0,-0.4722135007849294,-0.4722135007849294,0.0,1.436166087603921,0-1 Year
C00071,0.9142857142857143,0.4175824175824176,-0.6860652686437523,Month-to-month,Electronic Check,No,0.0,0.0,0.38178963893249607,0.38178963893249607,-1.7969719413078544,-0.7503838875791041,0-1 Year
C00072,0.8857142857142857,0.4175824175824176,-0.559002357612607,One year,Electronic Check,Yes,0.0,0.0,0.3698587127158556,0.3698587127158556,-1.5113943200306903,-0.6311316940787498,0-1 Year
C00073,-0.6857142857142857,0.10989010989010989,-0.1207345824543988,Two year,Credit Card,No,1.0,0.0,-0.07535321821036106,-0.07535321821036106,0.0,0.0,
C00074,-1.0,0.4065934065934066,-0.5322000248169748,Month-to-month,Bank Transfer,No,0.0,1.0,-0.4065934065934066,-0.4065934065934066,0.0,0.0,
C00075,0.9428571428571428,-0.4175824175824176,0.8463829259213302,Two year,Electronic Check,Yes,0.0,0.0,-0.39372056514913656,-0.39372056514913656,0.0,0.8976788608256533,0-1 Year
C00076,-0.05714285714285714,0.6043956043956044,-0.8056830872316665,One year,Bank Transfer,Yes,0.0,0.0,-0.03453689167974882,-0.03453689167974882,0.0,0.0,
C00077,-0.9428571428571428,-0.7912087912087912,0.7741655292219879,Month-to-month,Credit Card,Yes,0.0,1.0,0.7459968602825745,0.7459968602825745,1.0377597687592726,0.0,
C00078,0.11428571428571428,-0.06593406593406594,0.931753319270381,Two year,Bank Transfer,Yes,1.0,0.0,-0.0075353218210361065,-0.0075353218210361065,0.0,8.152841543615834,0-1 Year
C00079,-0.8285714285714286,-0.21978021978021978,-0.09691028663605906,One year,Bank Transfer,Yes,1.0,0.0,0.18210361067503925,0.18210361067503925,-0.5321711429928416,0.0,
C00080,0.2857142857142857,0.25274725274725274,0.5518054349174836,Two year,Credit Card,Yes,0.0,0.0,0.07221350078492934,0.07221350078492934,7.64130569657472,1.9313190222111927,0-1 Year
C00081,-0.05714285714285714,0.26373626373626374,0.2552425859287753,Two year,Bank Transfer,No,0.0,0.0,-0.015070643642072213,-0.015070643642072213,0.0,0.0,
C00082,-0.2,0.5164835164835165,-0.06588906812259586,One year,Credit Card,No,0.0,0.0,-0.10329670329670332,-0.10329670329670332,0.0,0.0,
C00083,-0.2857142857142857,0.2967032967032967,-0.5644620920709765,Two year,Bank Transfer,No,1.0,0.0,-0.0847723704866562,-0.0847723704866562,0.0,0.0,
C00084,0.37142857142857144,0.2857142857142857,0.05695495719071845,Month-to-month,Credit Card,No,0.0,0.0,0.10612244897959183,0.10612244897959183,0.5366909427586931,0.15334026935962658,0-1 Year
C00085,0.4,0.23076923076923078,0.13463208834843032,Two year,Bank Transfer,Yes,1.0,0.0,0.09230769230769231,0.09230769230769231,1.4585142904413284,0.3365802208710758,0-1 Year
C00086,0.7428571428571429,-0.945054945054945,0.8692145427472391,Two year,Credit Card,Yes,1.0,0.0,-0.7020408163265306,-0.7020408163265306,0.0,1.1700964998520527,0-1 Year
C00087,0.17142857142857143,-0.13186813186813187,-0.32919717086487155,One year,Electronic Check,No,1.0,0.0,-0.02260596546310832,-0.02260596546310832,0.0,-1.920316830045084,0-1 Year
C00088,0.08571428571428572,-0.07692307692307693,-0.38032013897505895,One year,Electronic Check,No,1.0,0.0,-0.006593406593406593,-0.006593406593406593,0.0,-4.437068288042354,0-1 Year
C00089,0.11428571428571428,0.6813186813186813,-0.02667824792157836,One year,Bank Transfer,Yes,0.0,0.0,0.07786499215070644,0.07786499215070644,-0.3426218533476898,-0.23343466931381066,0-1 Year
C00090,-0.45714285714285713,0.12087912087912088,0.8816230301526244,One year,Credit Card,Yes,0.0,0.0,-0.05525902668759811,-0.05525902668759811,0.0,0.0,
C00091,-0.9714285714285714,0.8021978021978022,-0.43690284154361586,Two year,Credit Card,No,1.0,0.0,-0.7792778649921507,-0.7792778649921507,0.0,0.0,
C00092,0.14285714285714285,0.07692307692307693,-0.7168383174091079,Two year,Bank Transfer,No,0.0,0.0,0.01098901098901099,0.01098901098901099,-65.23228688422881,-5.017868221863755,0-1 Year
C00093,-0.5428571428571428,-0.945054945054945,0.8156098771559747,Month-to-month,Electronic Check,Yes,0.0,0.0,0.5130298273155416,0.5130298273155416,1.5897903664270376,0.0,
C00094,0.5142857142857142,0.8571428571428571,0.04007941431939446,Two year,Bank Transfer,No,1.0,0.0,0.4408163265306122,0.4408163265306122,0.09092089359492263,0.07793219450993369,0-1 Year
C00095,-0.45714285714285713,0.27472527472527475,-0.2510237002109443,One year,Electronic Check,No,1.0,0.0,-0.12558869701726846,-0.12558869701726846,0.0,0.0,
C00096,-0.4857142857142857,0.38461538461538464,-0.5962278198287628,Month-to-month,Electronic Check,Yes,0.0,0.0,-0.18681318681318682,-0.18681318681318682,0.0,0.0,
C00097,-0.6285714285714286,-0.8241758241758241,-0.9114033999255491,Month-to-month,Bank Transfer,No,0.0,0.0,0.5180533751962323,0.5180533751962323,-1.7592847447047721,0.0,
C00098,0.14285714285714285,0.6263736263736264,-0.7481077056706787,Month-to-month,Bank Transfer,No,1.0,0.0,0.08948194662480376,0.08948194662480376,-8.360431728284604,-5.236753939694752,0-1 Year
C00099,-0.7714285714285715,0.3076923076923077,-0.20585680605534185,Two year,Electronic Check,No,1.0,1.0,-0.23736263736263738,-0.23736263736263738,0.0,0.0,
C00100,0.05714285714285714,-0.34065934065934067,0.8396823427224221,One year,Electronic Check,No,1.0,0.0,-0.01946624803767661,-0.01946624803767661,0.0,14.694440997642388,0-1 Year
C00101,0.8285714285714286,0.6043956043956044,-0.7751582082144186,Month-to-month,Electronic Check,No,1.0,0.0,0.5007849293563579,0.5007849293563579,-1.5478864533936825,-0.935535768534643,0-1 Year
C00102,0.37142857142857144,0.16483516483516483,-0.7682094552674029,One year,Electronic Check,Yes,1.0,0.0,0.061224489795918366,0.061224489795918366,-12.547421102700914,-2.068256225719931,0-1 Year
C00103,0.2,-0.4065934065934066,0.5426231542374984,One year,Bank Transfer,Yes,1.0,0.0,-0.08131868131868132,-0.08131868131868132,0.0,2.713115771187492,0-1 Year
C00104,-0.8571428571428571,-0.8351648351648352,0.6126070232038715,One year,Electronic Check,Yes,1.0,0.0,0.7158555729984302,0.7158555729984302,0.8557690214492678,0.0,
C00105,-0.9714285714285714,0.0,0.33862762129296436,Two year,Bank Transfer,No,0.0,1.0,-0.0,-0.0,0.0,0.0,
C00106,-0.45714285714285713,-0.43956043956043955,0.705670678744261,Two year,Bank Transfer,Yes,1.0,0.0,0.2009419152276295,0.2009419152276295,3.511814237188237,0.0,
C00107,-0.9714285714285714,-0.6153846153846154,0.726765107333416,Month-to-month,Credit Card,Yes,1.0,1.0,0.5978021978021978,0.5978021978021978,1.2157283964584717,0.0,
C00108,-0.5428571428571428,-0.6483516483516484,0.9287752822930885,One year,Electronic Check,No,0.0,0.0,0.3519623233908948,0.3519623233908948,2.6388485942047164,0.0,
C00109,0.3142857142857143,0.4065934065934066,-0.034867849609132646,One year,Electronic Check,Yes,1.0,0.0,0.12778649921507065,0.12778649921507065,-0.27286019902969894,-0.11094315784724024,0-1 Year
C00110,-0.14285714285714285,-1.0,-0.308599081771932,Two year,Electronic Check,Yes,1.0,0.0,0.14285714285714285,0.14285714285714285,-2.160193572403524,0.0,
C00111,0.11428571428571428,-0.2967032967032967,-0.17905447325970963,One year,Bank Transfer,Yes,1.0,0.0,-0.03390894819466248,-0.03390894819466248,0.0,-1.5667266410224594,0-1 Year
C00112,0.5142857142857142,-0.3076923076923077,-0.20585680605534185,Two year,Credit Card,No,1.0,0.0,-0.15824175824175823,-0.15824175824175823,0.0,-0.40027712288538697,0-1 Year
C00113,-0.6285714285714286,-0.14285714285714285,-0.6046655912644249,Month-to-month,Credit Card,No,1.0,0.0,0.08979591836734693,0.08979591836734693,-6.7337759027174595,0.0,
C00114,-0.17142857142857143,-0.04395604395604396,-0.4078669810150143,Month-to-month,Credit Card,No,0.0,0.0,0.007535321821036107,0.007535321821036107,-54.12734727220085,0.0,
C00115,-0.11428571428571428,0.4945054945054945,-0.46345700459114036,One year,Bank Transfer,No,0.0,0.0,-0.0565149136577708,-0.0565149136577708,0.0,0.0,
C00116,0.9428571428571428,0.5384615384615384,0.2822930884725152,One year,Credit Card,No,0.0,0.0,0.5076923076923077,0.5076923076923077,0.5560318409307118,0.2994017605011525,0-1 Year
C00117,-0.6571428571428571,0.7912087912087912,-0.48579228192083385,Two year,Electronic Check,Yes,0.0,0.0,-0.5199372056514914,-0.5199372056514914,0.0,0.0,
C00118,-0.05714285714285714,-0.18681318681318682,-0.039583074823179056,Two year,Bank Transfer,Yes,0.0,0.0,0.010675039246467817,0.010675039246467817,-3.7080027444654498,0.0,
C00119,0.5428571428571428,-0.3516483516483517,-0.8984985730239484,Month-to-month,Bank Transfer,Yes,0.0,0.0,-0.19089481946624803,-0.19089481946624803,0.0,-1.6551289503072735,0-1 Year
C00120,0.7142857142857143,-0.43956043956043955,-0.42970591884849235,One year,Credit Card,No,0.0,0.0,-0.3139717425431711,-0.3139717425431711,0.0,-0.6015882863878893,0-1 Year
C00121,-0.2,-0.08791208791208792,0.6758903089713364,One year,Credit Card,Yes,1.0,0.0,0.017582417582417586,0.017582417582417586,38.44126132274475,0.0,
C00122,-0.6285714285714286,0.3516483516483517,-0.37113785829507384,One year,Electronic Check,No,0.0,0.0,-0.22103610675039248,-0.22103610675039248,0.0,0.0,
C00123,0.11428571428571428,-0.01098901098901099,-0.4376473507879389,Two year,Bank Transfer,No,1.0,0.0,-0.0012558869701726845,-0.0012558869701726845,0.0,-3.829414319394466,0-1 Year
C00124,-0.2857142857142857,-0.7142857142857143,-0.3552549944161807,Two year,Electronic Check,Yes,1.0,0.0,0.20408163265306123,0.20408163265306123,-1.7407494726392854,0.0,
C00125,-0.9428571428571428,0.6813186813186813,-0.8022087107581586,Month-to-month,Credit Card,Yes,0.0,1.0,-0.6423861852433281,-0.6423861852433281,0.0,0.0,
C00126,0.7142857142857143,0.7472527472527473,0.7508375728998635,Two year,Electronic Check,Yes,1.0,0.0,0.533751962323391,0.533751962323391,1.4067162762859207,1.051172602059809,0-1 Year
C00127,-0.17142857142857143,-0.5824175824175825,0.4230053356495843,One year,Bank Transfer,No,1.0,0.0,0.09984301412872842,0.09984301412872842,4.236704383785931,0.0,
C00128,-0.6857142857142857,0.24175824175824176,0.7309839930512471,One year,Bank Transfer,Yes,0.0,0.0,-0.16577708006279435,-0.16577708006279435,0.0,0.0,
C00129,-0.4857142857142857,0.7032967032967034,-0.3698970095545353,Month-to-month,Bank Transfer,Yes,1.0,0.0,-0.3416012558869702,-0.3416012558869702,0.0,0.0,
C00130,-0.8285714285714286,0.6483516483516484,-0.0505025437399181,Two year,Credit Card,Yes,0.0,1.0,-0.5372056514913658,-0.5372056514913658,0.0,0.0,
C00131,-1.0,0.10989010989010989,0.9121479091698722,Month-to-month,Electronic Check,No,1.0,1.0,-0.10989010989010989,-0.10989010989010989,0.0,0.0,
C00132,-0.9714285714285714,-0.3956043956043956,-0.8168507258965132,Month-to-month,Credit Card,No,1.0,1.0,0.3843014128728414,0.3843014128728414,-2.1255470277617605,0.0,
C00133,0.3142857142857143,-0.25274725274725274,0.4282169003598461,Two year,Bank Transfer,Yes,0.0,0.0,-0.0794348508634223,-0.0794348508634223,0.0,1.362508319326783,0-1 Year
C00134,-0.6285714285714286,-0.9560439560439561,0.5922571038590396,Month-to-month,Credit Card,No,1.0,0.0,0.6009419152276295,0.6009419152276295,0.9855480019806903,0.0,
C00135,0.7714285714285715,-0.15384615384615385,0.3780866112420896,Month-to-month,Bank Transfer,Yes,1.0,0.0,-0.11868131868131869,-0.11868131868131869,0.0,0.49011227383233835,0-1 Year
C00136,0.42857142857142855,0.4065934065934066,0.03362700086859412,Two year,Bank Transfer,Yes,0.0,0.0,0.17425431711145997,0.17425431711145997,0.19297657255220227,0.07846300202671962,0-1 Year
C00137,-0.7714285714285715,0.2087912087912088,0.07283782106961162,Month-to-month,Electronic Check,No,0.0,1.0,-0.1610675039246468,-0.1610675039246468,0.0,0.0,
C00138,-0.2,0.8021978021978022,-0.021714852959424245,Two year,Electronic Check,Yes,0.0,0.0,-0.16043956043956045,-0.16043956043956045,0.0,0.0,
C00139,-0.2857142857142857,-0.5274725274725275,-0.15274847996029284,Month-to-month,Credit Card,Yes,1.0,0.0,0.15070643642072212,0.15070643642072212,-1.0135498097365265,0.0,
C00140,-1.0,0.7582417582417582,0.2080903337883112,One year,Electronic Check,Yes,1.0,1.0,-0.7582417582417582,-0.7582417582417582,0.0,0.0,
C00141,0.2571428571428571,-0.03296703296703297,0.6538032013897506,Two year,Electronic Check,No,0.0,0.0,-0.008477237048665619,-0.008477237048665619,0.0,2.542568005404586,0-1 Year
C00142,-0.7428571428571429,0.0,-0.6128551929519791,Two year,Bank Transfer,Yes,1.0,1.0,-0.0,-0.0,0.0,0.0,
C00143,0.7714285714285715,0.5714285714285714,-0.1254498076684452,Month-to-month,Bank Transfer,No,0.0,0.0,0.44081632653061226,0.44081632653061226,-0.28458521184045443,-0.16262012105168824,0-1 Year
C00144,0.8,-0.7472527472527473,0.33689043305621047,One year,Bank Transfer,Yes,1.0,0.0,-0.5978021978021978,-0.5978021978021978,0.0,0.42111304132026306,0-1 Year
C00145,-0.45714285714285713,0.6373626373626373,0.8607767713115771,Two year,Bank Transfer,Yes,0.0,0.0,-0.2913657770800628,-0.2913657770800628,0.0,0.0,
C00146,-0.22857142857142856,-0.8021978021978022,-0.5272366298548207,One year,Credit Card,No,1.0,0.0,0.18335949764521192,0.18335949764521192,-2.875425798095212,0.0,
C00147,-0.8857142857142857,0.1978021978021978,0.8103983124457129,One year,Credit Card,No,0.0,1.0,-0.17519623233908946,-0.17519623233908946,0.0,0.0,
C00148,-0.08571428571428572,-1.0,-0.5406377962526367,Two year,Bank Transfer,Yes,1.0,0.0,0.08571428571428572,0.08571428571428572,-6.307440956280762,0.0,
C00149,-0.4857142857142857,-0.01098901098901099,-0.7277577863258469,One year,Bank Transfer,Yes,0.0,0.0,0.0053375196232339096,0.0053375196232339096,-136.34756173222482,0.0,
C00150,0.14285714285714285,0.18681318681318682,-0.25896513215039085,Month-to-month,Electronic Check,No,0.0,0.0,0.026687598116169543,0.026687598116169543,-9.703575834105823,-1.812755925052736,0-1 Year
C00151,-0.9142857142857143,-0.10989010989010989,0.44236257600198536,One year,Credit Card,No,0.0,1.0,0.10047095761381475,0.10047095761381475,4.402890014269761,0.0,
C00152,0.22857142857142856,0.26373626373626374,0.8615212805559003,Month-to-month,Credit Card,No,1.0,0.0,0.06028257456828885,0.06028257456828885,14.291381659221575,3.769155602432064,0-1 Year
C00153,-0.45714285714285713,0.45054945054945056,0.5418786449931753,Two year,Electronic Check,No,0.0,0.0,-0.20596546310832026,-0.20596546310832026,0.0,0.0,
C00154,0.0,0.4725274725274725,-0.20536046655912643,Two year,Electronic Check,No,0.0,0.0,0.0,0.0,0.0,0.0,
C00155,0.8857142857142857,-0.8241758241758241,0.4311949373371386,Month-to-month,Bank Transfer,Yes,1.0,0.0,-0.7299843014128727,-0.7299843014128727,0.0,0.48683299376773714,0-1 Year
C00156,-0.3142857142857143,0.3626373626373626,0.10385903958307482,One year,Bank Transfer,Yes,0.0,0.0,-0.1139717425431711,-0.1139717425431711,0.0,0.0,
C00157,-0.3142857142857143,-0.4065934065934066,0.35972204988211937,Two year,Electronic Check,Yes,1.0,0.0,0.12778649921507065,0.12778649921507065,2.8150239038686733,0.0,
C00158,-1.0285714285714285,-0.31868131868131866,0.7530711006328329,Two year,Bank Transfer,Yes,0.0,0.0,0.3277864992150706,0.3277864992150706,2.2974439229076373,0.0,
C00159,0.2857142857142857,0.7362637362637363,-0.23141829011043555,One year,Electronic Check,No,1.0,0.0,0.21036106750392464,0.21036106750392464,-1.1001003791070705,-0.8099640153865245,0-1 Year
C00160,-0.2,0.42857142857142855,-0.02146668321131654,One year,Bank Transfer,Yes,0.0,0.0,-0.08571428571428572,-0.08571428571428572,0.0,0.0,
C00161,0.4,-0.4065934065934066,-0.7937709393224965,Month-to-month,Electronic Check,Yes,1.0,0.0,-0.16263736263736264,-0.16263736263736264,0.0,-1.9844273483062413,0-1 Year
C00162,-0.6857142857142857,-0.27472527472527475,-0.9518550688671051,One year,Electronic Check,Yes,0.0,0.0,0.18838304552590268,0.18838304552590268,-5.05276399056955,0.0,
C00163,0.7714285714285715,0.7692307692307693,-0.06613723787070357,One year,Credit Card,Yes,1.0,0.0,0.5934065934065935,0.5934065934065935,-0.11145349344877821,-0.08573345649906017,0-1 Year
C00164,0.6571428571428571,0.6153846153846154,-0.9833726268767837,Month-to-month,Credit Card,No,1.0,0.0,0.4043956043956044,0.4043956043956044,-2.431709484939873,-1.4964366061168448,0-1 Year
C00165,0.9142857142857143,-0.7362637362637363,-0.18947760268023328,One year,Bank Transfer,Yes,1.0,0.0,-0.6731554160125589,-0.6731554160125589,0.0,-0.20724112793150515,0-1 Year
C00166,0.08571428571428572,-0.10989010989010989,-0.8416677007072838,One year,Credit Card,Yes,0.0,0.0,-0.009419152276295133,-0.009419152276295133,0.0,-9.819456508251644,0-1 Year
C00167,-0.4,-0.054945054945054944,0.6304752450676263,Two year,Bank Transfer,Yes,1.0,0.0,0.02197802197802198,0.02197802197802198,28.686623650576994,0.0,
C00168,0.14285714285714285,-0.38461538461538464,0.40935599950366053,One year,Electronic Check,No,1.0,0.0,-0.054945054945054944,-0.054945054945054944,0.0,2.865491996525624,0-1 Year
C00169,-0.6857142857142857,-0.17582417582417584,-0.3088472515200397,Month-to-month,Credit Card,No,0.0,0.0,0.12056514913657772,0.12056514913657772,-2.5616627502378293,0.0,
C00170,-0.37142857142857144,-0.34065934065934067,0.6699342350167514,One year,Credit Card,Yes,0.0,0.0,0.12653061224489798,0.12653061224489798,5.294641534809809,0.0,
C00171,-0.42857142857142855,-0.5934065934065934,0.2929643876411465,Two year,Bank Transfer,Yes,1.0,0.0,0.2543171114599686,0.2543171114599686,1.151964906959323,0.0,
C00172,-0.7714285714285715,0.0,-0.115523017744137,One year,Electronic Check,Yes,0.0,1.0,-0.0,-0.0,0.0,0.0,
C00173,0.7142857142857143,0.4945054945054945,-0.588534557637424,Month-to-month,Credit Card,Yes,1.0,0.0,0.35321821036106754,0.35321821036106754,-1.6662067254001736,-0.8239483806923936,0-1 Year
C00174,-0.9142857142857143,0.32967032967032966,-0.7674649460230798,Month-to-month,Credit Card,No,1.0,1.0,-0.30141287284144425,-0.30141287284144425,0.0,0.0,
C00175,-0.4857142857142857,-0.42857142857142855,0.5493237374364065,Two year,Credit Card,Yes,1.0,0.0,0.20816326530612245,0.20816326530612245,2.638908150429796,0.0,
C00176,0.8857142857142857,-0.5274725274725275,-0.5920089341109319,Two year,Electronic Check,No,1.0,0.0,-0.4671899529042386,-0.4671899529042386,0.0,-0.6683971836736329,0-1 Year
C00177,0.14285714285714285,-0.7142857142857143,-0.9687306117384291,One year,Electronic Check,No,0.0,0.0,-0.10204081632653061,-0.10204081632653061,0.0,-6.781114282169004,0-1 Year
C00178,-0.9714285714285714,0.7142857142857143,-0.23588534557637425,One year,Bank Transfer,No,0.0,0.0,-0.6938775510204082,-0.6938775510204082,0.0,0.0,
C00179,0.8857142857142857,0.8571428571428571,-0.22273234892666585,One year,Credit Card,No,0.0,0.0,0.7591836734693876,0.7591836734693876,-0.29338400799480185,-0.2514720068526873,0-1 Year
C00180,0.42857142857142855,-0.8351648351648352,-0.23563717582826654,Two year,Credit Card,Yes,1.0,0.0,-0.3579277864992151,-0.3579277864992151,0.0,-0.5498200769326219,0-1 Year
C00181,-0.9428571428571428,0.21978021978021978,0.13885097406626132,Month-to-month,Credit Card,No,1.0,1.0,-0.20722135007849293,-0.20722135007849293,0.0,0.0,
C00182,-0.6857142857142857,-0.5604395604395604,0.0284154361583323,Month-to-month,Bank Transfer,Yes,1.0,0.0,0.3843014128728415,0.3843014128728415,0.07394049359827481,0.0,
C00183,0.5428571428571428,0.3956043956043956,-0.8555652066013153,Two year,Credit Card,Yes,1.0,0.0,0.21475667189952902,0.21475667189952902,-3.983881846528055,-1.5760411700550545,0-1 Year
C00184,0.6857142857142857,-0.945054945054945,-0.469661248293833,One year,Credit Card,Yes,0.0,0.0,-0.6480376766091052,-0.6480376766091052,0.0,-0.6849226537618398,0-1 Year
C00185,0.2857142857142857,0.16483516483516483,-0.4699094180419407,Month-to-month,Bank Transfer,Yes,0.0,0.0,0.04709576138147566,0.04709576138147566,-9.977743309757209,-1.6446829631467925,0-1 Year
C00186,0.6285714285714286,-0.24175824175824176,0.7840923191462961,Month-to-month,Bank Transfer,No,0.0,0.0,-0.15196232339089483,-0.15196232339089483,0.0,1.2474195986418346,0-1 Year
C00187,0.2857142857142857,0.9230769230769231,0.6756421392232287,Two year,Electronic Check,Yes,1.0,0.0,0.26373626373626374,0.26373626373626374,2.5618097778880755,2.3647474872813006,0-1 Year
C00188,0.34285714285714286,0.5274725274725275,-0.10088100260578235,One year,Bank Transfer,No,0.0,0.0,0.18084772370486657,0.18084772370486657,-0.5578229050337097,-0.2942362576001985,0-1 Year
C00189,-0.17142857142857143,-0.16483516483516483,0.19568184638292593,One year,Electronic Check,Yes,0.0,0.0,0.0282574568288854,0.0282574568288854,6.92496311921799,0.0,
C00190,0.42857142857142855,0.7692307692307693,0.7811142821690036,Two year,Credit Card,Yes,0.0,0.0,0.32967032967032966,0.32967032967032966,2.3693799892459775,1.8225999917276752,0-1 Year
C00191,0.2571428571428571,-0.7032967032967034,-0.9223228688422881,One year,Bank Transfer,Yes,0.0,0.0,-0.18084772370486657,-0.18084772370486657,0.0,-3.5868111566088983,0-1 Year
C00192,0.17142857142857143,-0.9230769230769231,0.9454026554163047,Month-to-month,Credit Card,No,0.0,0.0,-0.15824175824175826,-0.15824175824175826,0.0,5.514848823261778,0-1 Year
C00193,0.8,0.4725274725274725,-0.11676386648467552,One year,Credit Card,No,0.0,0.0,0.378021978021978,0.378021978021978,-0.3088811584332986,-0.1459548331058444,0-1 Year
C00194,0.9714285714285714,0.25274725274725274,0.508375728998635,Month-to-month,Electronic Check,No,0.0,0.0,0.2455259026687598,0.2455259026687598,2.0705584358831874,0.5233279563221243,0-1 Year
C00195,-0.2857142857142857,0.06593406593406594,0.03337883112048641,One year,Bank Transfer,No,0.0,0.0,-0.018838304552590265,-0.018838304552590265,0.0,0.0,
C00196,-0.2,0.1978021978021978,-0.2862638044422385,Month-to-month,Credit Card,Yes,1.0,0.0,-0.03956043956043956,-0.03956043956043956,0.0,0.0,
C00197,0.0,0.4065934065934066,-0.3555031641642884,One year,Credit Card,No,0.0,0.0,0.0,0.0,0.0,0.0,
C00198,0.0,-0.8901098901098901,0.6959920585680606,Month-to-month,Electronic Check,No,1.0,0.0,-0.0,-0.0,0.0,0.0,
C00199,-0.9714285714285714,-0.5714285714285714,-0.6570294081151508,Two year,Electronic Check,No,0.0,0.0,0.5551020408163265,0.5551020408163265,-1.1836191543250878,0.0,
C00200,0.14285714285714285,0.3076923076923077,0.7761508872068494,One year,Electronic Check,Yes,0.0,0.0,0.04395604395604396,0.04395604395604396,17.65743268395582,5.433056210447947,0-1 Year
C00201,0.37142857142857144,0.6043956043956044,-0.2475493237374364,Two year,Electronic Check,No,0.0,0.0,0.22448979591836735,0.22448979591836735,-1.1027197148303984,-0.6664789485238672,0-1 Year
C00202,0.37142857142857144,0.5934065934065934,-0.9985109815113538,One year,Bank Transfer,No,0.0,0.0,0.22040816326530613,0.22040816326530613,-4.530281305005216,-2.6882987963767215,0-1 Year
C00203,-0.22857142857142856,0.8131868131868132,0.21156471026181908,One year,Credit Card,Yes,1.0,0.0,-0.1858712715855573,-0.1858712715855573,0.0,0.0,
C00204,-0.6285714285714286,-0.6593406593406593,0.3073582330313935,Two year,Credit Card,No,0.0,0.0,0.41444270015698587,0.41444270015698587,0.7416181607613548,0.0,
C00205,0.9142857142857143,-0.8241758241758241,-0.19518550688671052,Month-to-month,Credit Card,Yes,0.0,0.0,-0.7535321821036106,-0.7535321821036106,0.0,-0.21348414815733963,0-1 Year
C00206,0.9142857142857143,-0.23076923076923078,0.3927286263804442,Month-to-month,Electronic Check,Yes,0.0,0.0,-0.210989010989011,-0.210989010989011,0.0,0.42954693510361086,0-1 Year
C00207,0.5714285714285714,-0.9120879120879121,0.041816602556148406,One year,Bank Transfer,No,0.0,0.0,-0.521193092621664,-0.521193092621664,0.0,0.07317905447325972,0-1 Year
C00208,0.9428571428571428,0.6153846153846154,0.15349298920461596,Month-to-month,Electronic Check,No,0.0,0.0,0.5802197802197803,0.5802197802197803,0.26454284124280397,0.16279559461095633,0-1 Year
C00209,0.2571428571428571,0.9230769230769231,-0.039583074823179056,Month-to-month,Electronic Check,Yes,0.0,0.0,0.23736263736263735,0.23736263736263735,-0.1667620281902451,-0.15393417986791857,0-1 Year
C00210,0.8,-0.3626373626373626,0.8833602183893783,Two year,Credit Card,Yes,0.0,0.0,-0.29010989010989013,-0.29010989010989013,0.0,1.1042002729867229,0-1 Year
C00211,0.8,-0.02197802197802198,-0.304380196054101,Month-to-month,Credit Card,Yes,0.0,0.0,-0.017582417582417586,-0.017582417582417586,0.0,-0.3804752450676262,0-1 Year
C00212,0.4,0.4945054945054945,0.023700210944285892,Two year,Credit Card,No,1.0,0.0,0.19780219780219782,0.19780219780219782,0.11981773310722311,0.059250527360714726,0-1 Year
C00213,0.2,-0.6153846153846154,-0.5681846382925921,Month-to-month,Credit Card,Yes,0.0,0.0,-0.12307692307692308,-0.12307692307692308,0.0,-2.8409231914629607,0-1 Year
C00214,-0.8571428571428571,0.2967032967032967,-0.2688919220746991,Month-to-month,Bank Transfer,No,1.0,1.0,-0.2543171114599686,-0.2543171114599686,0.0,0.0,
C00215,0.6285714285714286,-0.945054945054945,-0.692269512346445,One year,Electronic Check,Yes,0.0,0.0,-0.5940345368916797,-0.5940345368916797,0.0,-1.1013378605511626,0-1 Year
C00216,-0.8285714285714286,-0.14285714285714285,-0.501675145799727,One year,Bank Transfer,Yes,1.0,0.0,0.11836734693877551,0.11836734693877551,-4.238290024859763,0.0,
C00217,-0.7714285714285715,0.4065934065934066,0.2649212061049758,Month-to-month,Credit Card,Yes,1.0,1.0,-0.31365777080062796,-0.31365777080062796,0.0,0.0,
C00218,0.8571428571428571,0.7362637362637363,0.49894527857054227,Two year,Bank Transfer,Yes,0.0,0.0,0.631083202511774,0.631083202511774,0.7906172697747149,0.582102824998966,0-1 Year
C00219,0.22857142857142856,0.6813186813186813,-0.27087728005956074,One year,Bank Transfer,No,0.0,0.0,0.15572998430141288,0.15572998430141288,-1.7394035019953646,-1.1850881002605782,0-1 Year
C00220,-0.11428571428571428,0.9120879120879121,-0.48554411217272614,Two year,Bank Transfer,Yes,0.0,0.0,-0.1042386185243328,-0.1042386185243328,0.0,0.0,
C00221,0.5714285714285714,0.03296703296703297,0.3051247052984241,Two year,Credit Card,No,1.0,0.0,0.018838304552590265,0.018838304552590265,16.197036439591347,0.5339682342722423,0-1 Year
C00222,0.8571428571428571,-0.8571428571428571,-0.72850229557017,Month-to-month,Credit Card,No,1.0,0.0,-0.7346938775510203,-0.7346938775510203,0.0,-0.849919344831865,0-1 Year
C00223,-0.17142857142857143,-0.4945054945054945,-0.7262687678372006,Month-to-month,Credit Card,No,0.0,0.0,0.0847723704866562,0.0847723704866562,-8.567281576153645,0.0,
C00224,-0.5142857142857142,-0.7912087912087912,0.48033254746246434,One year,Electronic Check,Yes,0.0,0.0,0.4069073783359497,0.4069073783359497,1.180446885546257,0.0,
C00225,0.08571428571428572,0.45054945054945056,0.7051743392480456,One year,Electronic Check,No,0.0,0.0,0.03861852433281005,0.03861852433281005,18.260002199227845,8.227033957893866,0-1 Year
C00226,-0.37142857142857144,0.2967032967032967,0.7021963022707532,One year,Credit Card,Yes,0.0,0.0,-0.11020408163265306,-0.11020408163265306,0.0,0.0,
C00227,0.5714285714285714,0.08791208791208792,0.4088596600074451,Month-to-month,Bank Transfer,Yes,0.0,0.0,0.05023547880690738,0.05023547880690738,8.138862607023205,0.715504405013029,0-1 Year
C00228,0.45714285714285713,0.7472527472527473,-0.039583074823179056,Two year,Electronic Check,Yes,1.0,0.0,0.34160125588697016,0.34160125588697016,-0.1158750857645453,-0.08658797617570418,0-1 Year
C00229,-0.37142857142857144,-0.9120879120879121,-0.6322124333043802,One year,Bank Transfer,No,1.0,0.0,0.33877551020408164,0.33877551020408164,-1.8661692308382305,0.0,
C00230,-0.14285714285714285,0.37362637362637363,0.32125573892542497,Two year,Bank Transfer,No,1.0,0.0,-0.053375196232339085,-0.053375196232339085,0.0,0.0,
C00231,-0.11428571428571428,-0.17582417582417584,-0.23762253381312817,One year,Credit Card,No,1.0,0.0,0.020094191522762952,0.020094191522762952,-11.825433909293956,0.0,
C00232,-0.4857142857142857,0.3956043956043956,-0.3726268767837201,One year,Credit Card,No,1.0,0.0,-0.1921507064364207,-0.1921507064364207,0.0,0.0,
C00233,-0.7142857142857143,-0.6923076923076923,0.8131281796748976,Two year,Electronic Check,No,0.0,0.0,0.4945054945054945,0.4945054945054945,1.6443258744536817,0.0,
C00234,0.6857142857142857,-1.0,-0.9841171361211069,One year,Electronic Check,No,1.0,0.0,-0.6857142857142857,-0.6857142857142857,0.0,-1.4351708235099474,0-1 Year
C00235,0.8,-0.23076923076923078,0.7446333291971708,One year,Bank Transfer,No,1.0,0.0,-0.18461538461538463,-0.18461538461538463,0.0,0.9307916614964635,0-1 Year
C00236,-0.6857142857142857,0.0,0.5267402903586053,Two year,Credit Card,No,1.0,0.0,-0.0,-0.0,0.0,0.0,
C00237,0.6857142857142857,-0.7032967032967034,-0.8369524754932374,One year,Bank Transfer,No,0.0,0.0,-0.48226059654631087,-0.48226059654631087,0.0,-1.2205556934276378,0-1 Year
C00238,-0.11428571428571428,0.3956043956043956,0.6260081896016876,Month-to-month,Bank Transfer,No,1.0,0.0,-0.045211930926216636,-0.045211930926216636,0.0,0.0,
C00239,-0.45714285714285713,0.25274725274725274,0.5513090954212682,Two year,Credit Card,Yes,1.0,0.0,-0.11554160125588696,-0.11554160125588696,0.0,0.0,
C00240,0.5428571428571428,-0.07692307692307693,0.5448566819704678,Two year,Bank Transfer,Yes,1.0,0.0,-0.041758241758241756,-0.041758241758241756,0.0,1.003683361524546,0-1 Year
C00241,0.9142857142857143,0.06593406593406594,0.8652438267775158,One year,Electronic Check,Yes,0.0,0.0,0.06028257456828885,0.06028257456828885,14.353133272324937,0.9463604355379079,0-1 Year
C00242,-0.6,0.8901098901098901,0.8739297679612855,Two year,Electronic Check,No,0.0,0.0,-0.5340659340659341,-0.5340659340659341,0.0,0.0,
C00243,-0.2571428571428571,-0.9010989010989011,-0.7652314182901104,Two year,Credit Card,No,1.0,0.0,0.23171114599686027,0.23171114599686027,-3.302523126360436,0.0,
C00244,0.45714285714285713,0.08791208791208792,0.09393224965876659,One year,Bank Transfer,Yes,1.0,0.0,0.040188383045525904,0.040188383045525904,2.337298555962278,0.20547679612855194,0-1 Year
C00245,-0.4,-0.12087912087912088,-0.2956942548703313,Two year,Electronic Check,No,0.0,0.0,0.04835164835164835,0.04835164835164835,-6.115494816636397,0.0,
C00246,-0.6285714285714286,-0.6043956043956044,-0.28551929519791536,Month-to-month,Bank Transfer,No,1.0,0.0,0.37990580847723704,0.37990580847723704,-0.7515528555416202,0.0,
C00247,0.17142857142857143,0.16483516483516483,0.6634818215659511,One year,Bank Transfer,No,0.0,0.0,0.0282574568288854,0.0282574568288854,23.47988446319505,3.8703106258013817,0-1 Year
C00248,0.6571428571428571,-0.7362637362637363,0.14009182280679985,One year,Bank Transfer,No,1.0,0.0,-0.48383045525902674,-0.48383045525902674,0.0,0.21318320861904325,0-1 Year
C00249,0.3142857142857143,-0.3956043956043956,-0.2728626380444224,One year,Bank Transfer,Yes,1.0,0.0,-0.12433281004709576,-0.12433281004709576,0.0,-0.8681993028686168,0-1 Year
C00250,0.6,-0.27472527472527475,-0.08474996897878148,Two year,Electronic Check,No,1.0,0.0,-0.16483516483516483,-0.16483516483516483,0.0,-0.14124994829796914,0-1 Year
C00251,-0.37142857142857144,-0.7362637362637363,-0.6312197543119493,Month-to-month,Electronic Check,Yes,0.0,0.0,0.27346938775510204,0.27346938775510204,-2.308191638901904,0.0,
C00252,-0.8,0.25274725274725274,-0.9101625511850105,Two year,Credit Card,No,0.0,1.0,-0.2021978021978022,-0.2021978021978022,0.0,0.0,
C00253,0.5142857142857142,-0.4835164835164835,-0.5503164164288373,Two year,Credit Card,Yes,1.0,0.0,-0.2486656200941915,-0.2486656200941915,0.0,-1.0700596986116282,0-1 Year
C00254,-0.3142857142857143,0.7362637362637363,-0.07457500930636556,Month-to-month,Electronic Check,Yes,0.0,0.0,-0.23139717425431713,-0.23139717425431713,0.0,0.0,
C00255,-0.17142857142857143,-0.2967032967032967,0.01178806303511602,Two year,Electronic Check,No,1.0,0.0,0.05086342229199372,0.05086342229199372,0.2317591405360773,0.0,
C00256,-0.22857142857142856,0.6923076923076923,0.9377093932249658,Two year,Electronic Check,Yes,0.0,0.0,-0.15824175824175823,-0.15824175824175823,0.0,0.0,
C00257,0.8,-0.9340659340659341,0.6418910534805807,Month-to-month,Credit Card,No,0.0,0.0,-0.7472527472527473,-0.7472527472527473,0.0,0.8023638168507259,0-1 Year
C00258,0.37142857142857144,0.054945054945054944,-0.5815858046904082,Two year,Credit Card,Yes,0.0,0.0,0.020408163265306124,0.020408163265306124,-28.49770442983,-1.565807935704945,0-1 Year
C00259,0.4857142857142857,0.8351648351648352,0.6183149274103487,Two year,Credit Card,No,1.0,0.0,0.4056514913657771,0.4056514913657771,1.5242515818900622,1.273001321138953,0-1 Year
C00260,-0.17142857142857143,-0.32967032967032966,-0.5577615088720685,One year,Electronic Check,Yes,0.0,0.0,0.0565149136577708,0.0565149136577708,-9.869280031986323,0.0,
C00261,0.34285714285714286,-0.8131868131868132,0.7260205980890929,Two year,Bank Transfer,Yes,1.0,0.0,-0.27880690737833597,-0.27880690737833597,0.0,2.117560077759854,0-1 Year
C00262,0.2,0.6703296703296703,-0.028167266410224594,Two year,Bank Transfer,No,0.0,0.0,0.13406593406593406,0.13406593406593406,-0.210100101912331,-0.14083633205112295,0-1 Year
C00263,-1.0285714285714285,-0.8351648351648352,-0.4351656533068619,Month-to-month,Credit Card,Yes,1.0,1.0,0.8590266875981161,0.8590266875981161,-0.5065798997742527,0.0,
C00264,0.9714285714285714,0.45054945054945056,-0.836456135997022,One year,Credit Card,No,0.0,0.0,0.4376766091051805,0.4376766091051805,-1.911128259074975,-0.8610577870557579,0-1 Year
C00265,-0.08571428571428572,0.6263736263736264,-0.6361831492741035,Two year,Electronic Check,Yes,1.0,0.0,-0.05368916797488226,-0.05368916797488226,0.0,0.0,
C00266,-0.8857142857142857,0.0,-0.6217893038838566,Two year,Bank Transfer,Yes,1.0,0.0,-0.0,-0.0,0.0,0.0,
C00267,-0.22857142857142856,-0.25274725274725274,-0.5932497828514705,Month-to-month,Credit Card,Yes,0.0,0.0,0.05777080062794348,0.05777080062794348,-10.269024773814856,0.0,
C00268,0.9142857142857143,0.6813186813186813,-0.5036605037845887,Two year,Bank Transfer,No,0.0,0.0,0.6229199372056515,0.6229199372056515,-0.8085477341501588,-0.5508786760143939,0-1 Year
C00269,-0.5142857142857142,-0.5714285714285714,-0.74364065020474,Two year,Electronic Check,No,1.0,0.0,0.29387755102040813,0.29387755102040813,-2.5304438791689075,0.0,
C00270,0.17142857142857143,-0.37362637362637363,0.7456260081896017,Two year,Credit Card,No,1.0,0.0,-0.06405023547880691,-0.06405023547880691,0.0,4.349485047772676,0-1 Year
C00271,-0.8285714285714286,0.4945054945054945,0.7443851594490631,Month-to-month,Bank Transfer,No,1.0,1.0,-0.4097331240188383,-0.4097331240188383,0.0,0.0,
C00272,0.17142857142857143,-0.32967032967032966,0.49869710882243456,One year,Credit Card,Yes,1.0,0.0,-0.0565149136577708,-0.0565149136577708,0.0,2.9090664681308684,0-1 Year
C00273,-0.22857142857142856,-0.5604395604395604,0.4835587541878645,One year,Electronic Check,Yes,0.0,0.0,0.12810047095761382,0.12810047095761382,3.7748397845302657,0.0,
C00274,0.8571428571428571,0.2967032967032967,-0.7878148653679117,Month-to-month,Electronic Check,No,1.0,0.0,0.2543171114599686,0.2543171114599686,-3.0977658595022204,-0.9191173429292303,0-1 Year
C00275,0.8285714285714286,0.8901098901098901,-0.2961905943665467,Month-to-month,Electronic Check,No,0.0,0.0,0.737519623233909,0.737519623233909,-0.4016036794625165,-0.35747140699410807,0-1 Year
C00276,0.34285714285714286,-0.23076923076923078,0.08400545973445837,One year,Bank Transfer,Yes,1.0,0.0,-0.07912087912087913,-0.07912087912087913,0.0,0.24501592422550358,0-1 Year
C00277,0.6,0.6483516483516484,-0.6674525375356744,Two year,Credit Card,No,0.0,0.0,0.389010989010989,0.389010989010989,-1.715767822478711,-1.1124208958927906,0-1 Year
C00278,-0.9714285714285714,-0.4725274725274725,0.024692889936716714,One year,Credit Card,Yes,0.0,0.0,0.45902668759811616,0.45902668759811616,0.053794018090590104,0.0,
C00279,0.8285714285714286,0.14285714285714285,0.7208090333788311,One year,Electronic Check,No,1.0,0.0,0.11836734693877551,0.11836734693877551,6.0895935578556415,0.8699419368365202,0-1 Year
C00280,0.5714285714285714,-0.7912087912087912,0.5029159945402656,Two year,Bank Transfer,No,1.0,0.0,-0.45211930926216637,-0.45211930926216637,0.0,0.8801029904454648,0-1 Year
C00281,-0.5714285714285714,-0.989010989010989,0.8875791041072093,Two year,Credit Card,No,1.0,0.0,0.565149136577708,0.565149136577708,1.5705219147674785,0.0,
C00282,-0.5428571428571428,0.4725274725274725,0.8170988956446209,Two year,Electronic Check,Yes,0.0,0.0,-0.2565149136577708,-0.2565149136577708,0.0,0.0,
C00283,-1.0,-0.6483516483516484,0.8215659511105596,Month-to-month,Electronic Check,No,1.0,1.0,0.6483516483516484,0.6483516483516484,1.2671610432383207,0.0,
C00284,-0.6857142857142857,-0.23076923076923078,-0.9731976672043677,Month-to-month,Bank Transfer,Yes,0.0,0.0,0.15824175824175826,0.15824175824175826,-6.1500685913609345,0.0,
C00285,-0.3142857142857143,0.6153846153846154,0.5845638416677007,Two year,Credit Card,Yes,0.0,0.0,-0.1934065934065934,-0.1934065934065934,0.0,0.0,
C00286,0.3142857142857143,-0.38461538461538464,0.4972080903337883,Month-to-month,Electronic Check,Yes,1.0,0.0,-0.12087912087912088,-0.12087912087912088,0.0,1.5820257419711448,0-1 Year
C00287,-0.7428571428571429,-0.6043956043956044,-0.8823675393969476,One year,Electronic Check,No,0.0,0.0,0.4489795918367347,0.4489795918367347,-1.965273155929565,0.0,
C00288,0.14285714285714285,-0.3516483516483517,-0.7468668569301402,One year,Bank Transfer,Yes,0.0,0.0,-0.05023547880690738,-0.05023547880690738,0.0,-5.228067998510982,0-1 Year
C00289,-0.42857142857142855,-0.6263736263736264,0.5681846382925921,One year,Electronic Check,No,1.0,0.0,0.2684458398744113,0.2684458398744113,2.116570845569481,0.0,
C00290,0.5714285714285714,0.08791208791208792,0.3314306985978409,One year,Credit Card,Yes,1.0,0.0,0.05023547880690738,0.05023547880690738,6.59754234396327,0.5800037225462217,0-1 Year
C00291,0.7428571428571429,0.6813186813186813,0.34508003474376475,One year,Credit Card,Yes,0.0,0.0,0.5061224489795919,0.5061224489795919,0.681811358969535,0.46453081600122176,0-1 Year
C00292,0.8,-0.6153846153846154,0.5552798113909915,Two year,Credit Card,No,0.0,0.0,-0.49230769230769234,-0.49230769230769234,0.0,0.6940997642387393,0-1 Year
C00293,-0.6857142857142857,0.27472527472527475,-0.857550564586177,One year,Bank Transfer,Yes,0.0,0.0,-0.18838304552590268,-0.18838304552590268,0.0,0.0,
C00294,0.9428571428571428,0.14285714285714285,0.3078545725276089,Month-to-month,Bank Transfer,Yes,0.0,0.0,0.13469387755102039,0.13469387755102039,2.285586977856491,0.3265124254080701,0-1 Year
C00295,-0.8857142857142857,-0.6153846153846154,0.6140960416925176,Two year,Credit Card,No,0.0,0.0,0.5450549450549451,0.5450549450549451,1.1266681410084496,0.0,
C00296,0.8285714285714286,-0.7802197802197802,-0.5428713239856061,One year,Electronic Check,Yes,0.0,0.0,-0.6464678178963894,-0.6464678178963894,0.0,-0.6551895289481453,0-1 Year
C00297,-0.6285714285714286,0.5274725274725275,0.11825288497332175,Month-to-month,Credit Card,No,0.0,0.0,-0.3315541601255887,-0.3315541601255887,0.0,0.0,
C00298,0.8285714285714286,0.23076923076923078,0.7337138602804318,Month-to-month,Bank Transfer,No,0.0,0.0,0.19120879120879122,0.19120879120879122,3.8372391543401894,0.8855167279246591,0-1 Year
C00299,0.2857142857142857,0.8571428571428571,0.2572279439136369,Two year,Credit Card,No,1.0,0.0,0.24489795918367344,0.24489795918367344,1.0503474376473507,0.9002978036977292,0-1 Year
C00300,-0.3142857142857143,-0.24175824175824176,-0.2559870951730984,One year,Electronic Check,Yes,0.0,0.0,0.07598116169544741,0.07598116169544741,-3.3690863558938777,0.0,
C00301,-0.6571428571428571,0.6703296703296703,0.3654299540885966,One year,Credit Card,Yes,1.0,0.0,-0.44050235478806904,-0.44050235478806904,0.0,0.0,
C00302,0.8,-0.34065934065934067,-0.7419034619679861,Month-to-month,Electronic Check,No,1.0,0.0,-0.27252747252747256,-0.27252747252747256,0.0,-0.9273793274599825,0-1 Year
C00303,0.6,0.14285714285714285,0.7498448939074327,Month-to-month,Bank Transfer,Yes,0.0,0.0,0.0857142857142857,0.0857142857142857,8.748190428920049,1.2497414898457213,0-1 Year
C00304,-0.45714285714285713,0.7032967032967034,-0.8295073830500062,One year,Bank Transfer,Yes,1.0,0.0,-0.32150706436420723,-0.32150706436420723,0.0,0.0,
C00305,0.6857142857142857,-0.5934065934065934,0.8168507258965132,Month-to-month,Credit Card,No,1.0,0.0,-0.40690737833594975,-0.40690737833594975,0.0,1.191240641932415,0-1 Year
C00306,-0.7428571428571429,-0.2967032967032967,0.80096786201762,One year,Credit Card,No,0.0,0.0,0.22040816326530613,0.22040816326530613,3.6340208554503133,0.0,
C00307,-0.4857142857142857,-0.08791208791208792,-0.4701575877900484,Two year,Bank Transfer,Yes,1.0,0.0,0.042700156985871277,0.042700156985871277,-11.01067586111253,0.0,
C00308,0.5142857142857142,0.5934065934065934,-0.6624891425735203,Two year,Electronic Check,No,0.0,0.0,0.3051805337519623,0.3051805337519623,-2.170810616354591,-1.2881733327818452,0-1 Year
C00309,-0.8,0.37362637362637363,-0.6828390619183522,Month-to-month,Electronic Check,No,0.0,1.0,-0.2989010989010989,-0.2989010989010989,0.0,0.0,
C00310,0.11428571428571428,-0.18681318681318682,0.855813376349423,One year,Bank Transfer,Yes,0.0,0.0,-0.021350078492935635,-0.021350078492935635,0.0,7.488367043057451,0-1 Year
C00311,0.6,-0.4725274725274725,0.4664350415684328,Month-to-month,Bank Transfer,No,0.0,0.0,-0.2835164835164835,-0.2835164835164835,0.0,0.777391735947388,0-1 Year
C00312,0.6857142857142857,0.6813186813186813,0.4108450179923067,Month-to-month,Credit Card,Yes,1.0,0.0,0.46718995290423865,0.46718995290423865,0.8793960902590704,0.599148984572114,0-1 Year
C00313,-0.14285714285714285,-0.16483516483516483,0.9228192083385035,One year,Credit Card,Yes,0.0,0.0,0.02354788069073783,0.02354788069073783,39.18905571410845,0.0,
C00314,0.2571428571428571,0.8461538461538461,-0.9960292840302767,Month-to-month,Bank Transfer,Yes,0.0,0.0,0.21758241758241756,0.21758241758241756,-4.577710345795716,-3.8734472156732984,0-1 Year
C00315,-0.2571428571428571,0.7692307692307693,0.03412334036480953,One year,Credit Card,No,0.0,0.0,-0.1978021978021978,-0.1978021978021978,0.0,0.0,
C00316,0.05714285714285714,0.5604395604395604,-0.8381933242337759,One year,Credit Card,No,1.0,0.0,0.032025117739403454,0.032025117739403454,-26.17299742828016,-14.668383174091078,0-1 Year
C00317,0.6857142857142857,-0.17582417582417584,0.5853083509120238,Month-to-month,Electronic Check,No,0.0,0.0,-0.12056514913657772,-0.12056514913657772,0.0,0.8535746784133681,0-1 Year
C00318,0.02857142857142857,-0.5714285714285714,0.3346569053232411,Month-to-month,Electronic Check,No,1.0,0.0,-0.016326530612244896,-0.016326530612244896,0.0,11.712991686313439,0-1 Year
C00319,-0.08571428571428572,-0.27472527472527475,0.9253009058195806,Month-to-month,Electronic Check,No,0.0,0.0,0.023547880690737835,0.023547880690737835,39.29444513380485,0.0,
C00320,0.17142857142857143,-0.5714285714285714,0.041816602556148406,Two year,Bank Transfer,Yes,0.0,0.0,-0.09795918367346938,-0.09795918367346938,0.0,0.24393018157753238,0-1 Year
C00321,-0.34285714285714286,0.45054945054945056,-0.1989080531083261,One year,Bank Transfer,No,1.0,0.0,-0.1544740973312402,-0.1544740973312402,0.0,0.0,
C00322,0.42857142857142855,-0.6043956043956044,-0.5180543491748356,Two year,Bank Transfer,Yes,1.0,0.0,-0.25902668759811615,-0.25902668759811615,0.0,-1.2087934814079497,0-1 Year
C00323,-0.5428571428571428,0.3516483516483517,-0.3319270380940563,Month-to-month,Bank Transfer,Yes,0.0,0.0,-0.19089481946624803,-0.19089481946624803,0.0,0.0,
C00324,-0.8,-0.6593406593406593,-0.029408115150763123,Month-to-month,Bank Transfer,Yes,0.0,1.0,0.5274725274725275,0.5274725274725275,-0.05575288497332175,0.0,
C00325,0.5714285714285714,-0.38461538461538464,-0.994043926045415,One year,Credit Card,No,0.0,0.0,-0.21978021978021978,-0.21978021978021978,0.0,-1.7395768705794763,0-1 Year
C00326,0.22857142857142856,0.10989010989010989,0.3351532448194565,One year,Credit Card,No,0.0,0.0,0.025117739403453687,0.025117739403453687,13.343288559374614,1.4662954460851223,0-1 Year
C00327,0.4,-0.18681318681318682,0.6483434669313811,Two year,Credit Card,Yes,1.0,0.0,-0.07472527472527472,-0.07472527472527472,0.0,1.6208586673284526,0-1 Year
C00328,0.5714285714285714,0.0,0.9143814369028416,Month-to-month,Electronic Check,Yes,0.0,0.0,0.0,0.0,0.0,1.6001675145799727,0-1 Year
C00329,-0.22857142857142856,-0.27472527472527475,-0.5319518550688671,One year,Credit Card,No,0.0,0.0,0.06279434850863423,0.06279434850863423,-8.471333291971707,0.0,
C00330,0.37142857142857144,0.3956043956043956,-0.16317160938081648,One year,Electronic Check,Yes,0.0,0.0,0.14693877551020407,0.14693877551020407,-1.1104734527305566,-0.4393081791021982,0-1 Year
C00331,-0.34285714285714286,0.7142857142857143,0.6188112669065641,Two year,Electronic Check,No,1.0,0.0,-0.24489795918367346,-0.24489795918367346,0.0,0.0,
C00332,0.5142857142857142,-0.34065934065934067,-0.03883856557885594,Month-to-month,Credit Card,Yes,0.0,0.0,-0.17519623233908946,-0.17519623233908946,0.0,-0.07551943306999767,0-1 Year
C00333,-0.17142857142857143,-0.8241758241758241,0.8590395830748232,One year,Credit Card,No,0.0,0.0,0.14128728414442698,0.14128728414442698,6.080091271318472,0.0,
C00334,-0.7428571428571429,0.7692307692307693,0.7952599578111428,One year,Bank Transfer,Yes,0.0,0.0,-0.5714285714285715,-0.5714285714285715,0.0,0.0,
C00335,0.17142857142857143,-0.4945054945054945,-0.6185630971584564,Month-to-month,Bank Transfer,No,1.0,0.0,-0.0847723704866562,-0.0847723704866562,0.0,-3.6082847334243286,0-1 Year
C00336,-0.5428571428571428,0.8021978021978022,-0.32373743640650204,Month-to-month,Electronic Check,No,0.0,0.0,-0.43547880690737834,-0.43547880690737834,0.0,0.0,
C00337,-0.8,-1.0,-0.27112544980766845,Two year,Electronic Check,No,1.0,0.0,0.8,0.8,-0.3389068122595855,0.0,
C00338,-0.8857142857142857,0.5054945054945055,-0.9243082268271497,Month-to-month,Electronic Check,Yes,0.0,1.0,-0.447723704866562,-0.447723704866562,0.0,0.0,
C00339,-0.2571428571428571,-0.21978021978021978,0.4783471894776027,One year,Electronic Check,No,1.0,0.0,0.056514913657770796,0.056514913657770796,8.464087769367582,0.0,
C00340,-0.9428571428571428,-1.043956043956044,0.24804566323365182,Two year,Bank Transfer,Yes,1.0,0.0,0.9843014128728415,0.9843014128728415,0.2520017344176016,0.0,
C00341,0.8857142857142857,-0.7582417582417582,0.8898126318401787,Month-to-month,Electronic Check,No,0.0,0.0,-0.6715855572998429,-0.6715855572998429,0.0,1.004627164980847,0-1 Year
C00342,0.6,0.2967032967032967,-0.6776274972080903,One year,Credit Card,Yes,1.0,0.0,0.17802197802197803,0.17802197802197803,-3.806426064563964,-1.1293791620134839,0-1 Year
C00343,0.8571428571428571,-0.5274725274725275,-0.7768953964511726,Month-to-month,Electronic Check,Yes,1.0,0.0,-0.45211930926216637,-0.45211930926216637,0.0,-0.906377962526368,0-1 Year
C00344,-0.14285714285714285,-0.38461538461538464,-0.29395706663357735,Two year,Electronic Check,Yes,1.0,0.0,0.054945054945054944,0.054945054945054944,-5.350018612731108,0.0,
C00345,0.8,-0.945054945054945,-0.25921330189849856,One year,Bank Transfer,No,1.0,0.0,-0.756043956043956,-0.756043956043956,0.0,-0.3240166273731232,0-1 Year
C00346,-0.7714285714285715,-0.2857142857142857,0.6076436282417174,Month-to-month,Electronic Check,No,0.0,1.0,0.22040816326530613,0.22040816326530613,2.7569016466522362,0.0,
C00347,0.8,0.6923076923076923,0.1554783471894776,One year,Electronic Check,No,0.0,0.0,0.5538461538461539,0.5538461538461539,0.2807247935365567,0.19434793398684697,0-1 Year
C00348,-0.9714285714285714,0.15384615384615385,0.849857302394838,Month-to-month,Bank Transfer,No,1.0,1.0,-0.14945054945054945,-0.14945054945054945,0.0,0.0,
C00349,-0.14285714285714285,0.25274725274725274,-0.8607767713115771,One year,Electronic Check,No,0.0,0.0,-0.03610675039246467,-0.03610675039246467,0.0,0.0,
C00350,0.4857142857142857,0.7252747252747253,0.5389006080158829,Month-to-month,Electronic Check,Yes,0.0,0.0,0.352276295133438,0.352276295133438,1.5297668774782416,1.109501251797406,0-1 Year
C00351,0.5714285714285714,0.7912087912087912,-0.8458865864251148,One year,Bank Transfer,Yes,0.0,0.0,0.45211930926216637,0.45211930926216637,-1.8709366512249936,-1.480301526243951,0-1 Year
C00352,-0.08571428571428572,-0.8461538461538461,0.9195930016131033,Month-to-month,Credit Card,Yes,1.0,0.0,0.07252747252747253,0.07252747252747253,12.67923684042309,0.0,
C00353,-0.8857142857142857,0.24175824175824176,0.15423749844893908,One year,Electronic Check,Yes,0.0,1.0,-0.2141287284144427,-0.2141287284144427,0.0,0.0,
C00354,-0.8571428571428571,-0.6703296703296703,-0.633205112296811,One year,Credit Card,Yes,1.0,0.0,0.574568288854003,0.574568288854003,-1.1020537063745046,0.0,
C00355,0.05714285714285714,0.6043956043956044,0.14381436902841543,Month-to-month,Electronic Check,No,0.0,0.0,0.03453689167974882,0.03453689167974882,4.164079685050029,2.51675145799727,0-1 Year
C00356,0.2,-0.5164835164835165,-0.5587541878644993,Two year,Bank Transfer,No,1.0,0.0,-0.10329670329670332,-0.10329670329670332,0.0,-2.793770939322496,0-1 Year
C00357,0.2857142857142857,-0.7582417582417582,0.7888075443603425,One year,Credit Card,Yes,1.0,0.0,-0.21664050235478804,-0.21664050235478804,0.0,2.760826405261199,0-1 Year
C00358,0.8285714285714286,0.7582417582417582,-0.6572775778632585,Month-to-month,Electronic Check,Yes,0.0,0.0,0.6282574568288855,0.6282574568288855,-1.0461914470237272,-0.7932660422487602,0-1 Year
C00359,0.2571428571428571,0.04395604395604396,-0.8751706167018241,Month-to-month,Bank Transfer,No,1.0,0.0,0.01130298273155416,0.01130298273155416,-77.42828928320304,-3.4034412871737607,0-1 Year
C00360,0.34285714285714286,0.5824175824175825,0.07159697232907308,Two year,Bank Transfer,Yes,1.0,0.0,0.19968602825745685,0.19968602825745685,0.358547730924682,0.20882450262646315,0-1 Year
C00361,0.22857142857142856,0.03296703296703297,0.05794763618314928,Two year,Bank Transfer,No,0.0,0.0,0.0075353218210361065,0.0075353218210361065,7.690134218472102,0.2535209083012781,0-1 Year
C00362,-0.9142857142857143,0.2087912087912088,-0.13190222111924557,One year,Credit Card,Yes,1.0,1.0,-0.19089481946624803,-0.19089481946624803,0.0,0.0,
C00363,-0.2,0.25274725274725274,-0.6446209207097655,One year,Bank Transfer,Yes,0.0,0.0,-0.05054945054945055,-0.05054945054945055,0.0,0.0,
C00364,0.3142857142857143,-0.6813186813186813,0.7912892418414196,Two year,Credit Card,No,0.0,0.0,-0.2141287284144427,-0.2141287284144427,0.0,2.5177384967681533,0-1 Year
C00365,-0.5714285714285714,-1.0,-0.6932621913388758,One year,Bank Transfer,No,0.0,0.0,0.5714285714285714,0.5714285714285714,-1.2132088348430328,0.0,
C00366,-0.5714285714285714,0.0989010989010989,-0.741158952723663,Month-to-month,Credit Card,No,1.0,0.0,-0.056514913657770796,-0.056514913657770796,0.0,0.0,
C00367,-0.11428571428571428,-0.15384615384615385,-0.2986722918476238,Two year,Credit Card,Yes,0.0,0.0,0.017582417582417582,0.017582417582417582,-16.986986598833603,0.0,
C00368,-0.7714285714285715,-0.37362637362637363,0.24208958927906687,One year,Electronic Check,Yes,1.0,0.0,0.2882260596546311,0.2882260596546311,0.8399295662895729,0.0,
C00369,0.0,-0.6263736263736264,0.22347685817098895,Month-to-month,Credit Card,No,1.0,0.0,-0.0,-0.0,0.0,0.0,
C00370,-0.14285714285714285,0.3626373626373626,-0.4110931877404144,Two year,Electronic Check,No,1.0,0.0,-0.051805337519623226,-0.051805337519623226,0.0,0.0,
C00371,-0.4857142857142857,-0.7252747252747253,0.21727261446829632,One year,Electronic Check,No,1.0,0.0,0.352276295133438,0.352276295133438,0.6167676266323742,0.0,
C00372,-0.6571428571428571,-0.967032967032967,-0.44534061297927785,Two year,Bank Transfer,Yes,0.0,0.0,0.6354788069073783,0.6354788069073783,-0.700795381590415,0.0,
C00373,0.5714285714285714,0.12087912087912088,-0.6622409728254126,Month-to-month,Bank Transfer,Yes,0.0,0.0,0.06907378335949764,0.06907378335949764,-9.587443174767905,-1.1589217024444722,0-1 Year
C00374,0.08571428571428572,0.16483516483516483,0.3547586549199653,One year,Electronic Check,Yes,1.0,0.0,0.0141287284144427,0.0141287284144427,25.10902924266865,4.138850974066261,0-1 Year
C00375,-0.22857142857142856,-1.043956043956044,0.11055962278198288,One year,Bank Transfer,Yes,1.0,0.0,0.23861852433281006,0.23861852433281006,0.46333210336923086,0.0,
C00376,-0.11428571428571428,0.8901098901098901,-0.5150763121975431,One year,Bank Transfer,Yes,0.0,0.0,-0.10172684458398744,-0.10172684458398744,0.0,0.0,
C00377,-0.02857142857142857,0.8461538461538461,-0.1735947388013401,One year,Electronic Check,No,0.0,0.0,-0.024175824175824173,-0.024175824175824173,0.0,0.0,
C00378,-0.17142857142857143,0.7252747252747253,0.13140588162303016,Two year,Bank Transfer,No,1.0,0.0,-0.12433281004709576,-0.12433281004709576,0.0,0.0,
C00379,0.11428571428571428,-0.42857142857142855,0.0011167638664846755,Two year,Bank Transfer,No,1.0,0.0,-0.04897959183673469,-0.04897959183673469,0.0,0.00977168383174091,0-1 Year
C00380,-0.45714285714285713,0.7142857142857143,-0.2783223725027919,One year,Bank Transfer,No,0.0,0.0,-0.32653061224489793,-0.32653061224489793,0.0,0.0,
C00381,0.8857142857142857,-0.5274725274725275,-0.505894031517558,Two year,Credit Card,Yes,1.0,0.0,-0.4671899529042386,-0.4671899529042386,0.0,-0.5711706807456299,0-1 Year
C00382,0.8571428571428571,-0.5604395604395604,0.34135748852214914,One year,Credit Card,Yes,0.0,0.0,-0.4803767660910518,-0.4803767660910518,0.0,0.3982504032758407,0-1 Year
C00383,-0.37142857142857144,0.7692307692307693,-0.6533068618935352,Two year,Electronic Check,No,1.0,0.0,-0.28571428571428575,-0.28571428571428575,0.0,0.0,
C00384,0.2857142857142857,0.7912087912087912,0.03983124457128676,One year,Bank Transfer,Yes,1.0,0.0,0.22605965463108318,0.22605965463108318,0.17619793605492826,0.1394093559995037,0-1 Year
C00385,-1.0285714285714285,0.8021978021978022,0.7401662737312321,Month-to-month,Bank Transfer,No,0.0,1.0,-0.8251177394034537,-0.8251177394034537,0.0,0.0,
C00386,-0.34285714285714286,-0.27472527472527475,-0.6287380568308724,Month-to-month,Credit Card,No,1.0,0.0,0.09419152276295134,0.09419152276295134,-6.6751023700210945,0.0,
C00387,0.9428571428571428,0.5824175824175825,-0.448566819704678,One year,Bank Transfer,Yes,0.0,0.0,0.5491365777080063,0.5491365777080063,-0.8168583880842764,-0.4757526875655676,0-1 Year
C00388,0.14285714285714285,0.45054945054945056,-0.4666832113165405,Two year,Electronic Check,No,0.0,0.0,0.06436420722135007,0.06436420722135007,-7.250663551430154,-3.2667824792157836,0-1 Year
C00389,0.14285714285714285,0.12087912087912088,0.3349050750713488,Month-to-month,Credit Card,No,0.0,0.0,0.01726844583987441,0.01726844583987441,19.394048438222654,2.344335525499442,0-1 Year
C00390,-0.9428571428571428,-0.10989010989010989,-0.4091078297555528,Month-to-month,Electronic Check,Yes,0.0,1.0,0.10361067503924647,0.10361067503924647,-3.9485104174891994,0.0,
C00391,-0.9714285714285714,-0.3956043956043956,-0.7155974686685693,One year,Credit Card,No,1.0,0.0,0.3843014128728414,0.3843014128728414,-1.8620734785207462,0.0,
C00392,0.5428571428571428,0.3516483516483517,-0.9751830251892294,Month-to-month,Credit Card,Yes,0.0,0.0,0.19089481946624803,0.19089481946624803,-5.108483446098184,-1.7963897832433173,0-1 Year
C00393,-0.8857142857142857,-0.5714285714285714,-0.5029159945402656,Month-to-month,Credit Card,Yes,1.0,1.0,0.5061224489795918,0.5061224489795918,-0.9936646666319764,0.0,
C00394,-0.42857142857142855,-0.5494505494505495,-0.5547834718947761,Month-to-month,Bank Transfer,Yes,1.0,0.0,0.23547880690737835,0.23547880690737835,-2.3559804773131487,0.0,
C00395,0.6857142857142857,0.01098901098901099,0.5259957811142821,One year,Electronic Check,Yes,0.0,0.0,0.007535321821036107,0.007535321821036107,69.80402345204119,0.7670771807916614,0-1 Year
C00396,0.5714285714285714,0.2087912087912088,-0.4818215659511106,Month-to-month,Electronic Check,Yes,1.0,0.0,0.11930926216640503,0.11930926216640503,-4.0384254935639134,-0.8431877404144436,0-1 Year
C00397,-0.9142857142857143,-0.8351648351648352,-0.20163792033751085,Month-to-month,Credit Card,Yes,0.0,1.0,0.7635792778649921,0.7635792778649921,-0.26406939813937996,0.0,
C00398,0.6285714285714286,-0.21978021978021978,0.7567936468544484,Two year,Credit Card,Yes,1.0,0.0,-0.13814756671899528,-0.13814756671899528,0.0,1.2039898927229862,0-1 Year
C00399,0.7142857142857143,0.4835164835164835,-0.9272862638044422,One year,Bank Transfer,No,0.0,0.0,0.3453689167974882,0.3453689167974882,-2.6849152274701353,-1.2982007693262192,0-1 Year
C00400,0.45714285714285713,-0.967032967032967,0.06117384290854945,Two year,Electronic Check,No,0.0,0.0,-0.4420722135007849,-0.4420722135007849,0.0,0.13381778136245193,0-1 Year
C00401,-0.8857142857142857,0.9120879120879121,0.5570169996277454,Month-to-month,Credit Card,No,1.0,1.0,-0.8078492935635793,-0.8078492935635793,0.0,0.0,
C00402,0.22857142857142856,0.9230769230769231,0.8391860032262067,Month-to-month,Credit Card,Yes,0.0,0.0,0.210989010989011,0.210989010989011,3.9773919944575424,3.6714387641146544,0-1 Year
C00403,0.9142857142857143,0.0,0.13587293708896886,One year,Credit Card,Yes,1.0,0.0,0.0,0.0,0.0,0.14861102494105968,0-1 Year
C00404,-0.4857142857142857,-0.8571428571428571,0.111304132026306,Month-to-month,Electronic Check,No,0.0,0.0,0.4163265306122449,0.4163265306122449,0.2673481602592644,0.0,
C00405,-0.34285714285714286,0.7582417582417582,0.8635066385407619,Month-to-month,Credit Card,No,1.0,0.0,-0.2599686028257457,-0.2599686028257457,0.0,0.0,
C00406,0.22857142857142856,-0.12087912087912088,-0.40737064151879887,Month-to-month,Electronic Check,No,1.0,0.0,-0.027629513343799057,-0.027629513343799057,0.0,-1.7822465566447452,0-1 Year
C00407,-0.9714285714285714,-0.43956043956043955,-0.2815485792281921,One year,Electronic Check,No,0.0,0.0,0.4270015698587127,0.4270015698587127,-0.6593619300307293,0.0,
C00408,-0.9142857142857143,-0.7802197802197802,0.9076808537039335,One year,Credit Card,No,0.0,0.0,0.7133437990580848,0.7133437990580848,1.2724311263411217,0.0,
C00409,0.3142857142857143,-0.7582417582417582,0.46494602307978655,Month-to-month,Bank Transfer,No,0.0,0.0,-0.23830455259026687,-0.23830455259026687,0.0,1.479373709799321,0-1 Year
C00410,0.3142857142857143,0.37362637362637363,0.8704553914877776,Month-to-month,Bank Transfer,Yes,1.0,0.0,0.117425431711146,0.117425431711146,7.412835352643239,2.7696307910974745,0-1 Year
C00411,-0.4,0.2087912087912088,0.057203126938826156,One year,Electronic Check,No,1.0,0.0,-0.08351648351648353,-0.08351648351648353,0.0,0.0,
C00412,0.3142857142857143,-0.21978021978021978,-0.7481077056706787,One year,Bank Transfer,Yes,0.0,0.0,-0.06907378335949764,-0.06907378335949764,0.0,-2.3803426998612505,0-1 Year
C00413,0.7714285714285715,0.17582417582417584,-0.26194316912768334,Two year,Electronic Check,No,0.0,0.0,0.13563579277864993,0.13563579277864993,-1.9312245223881281,-0.3395559599803302,0-1 Year
C00414,-1.0,0.4725274725274725,-0.17930264300781734,Two year,Electronic Check,No,0.0,0.0,-0.4725274725274725,-0.4725274725274725,0.0,0.0,
C00415,0.3142857142857143,-0.3076923076923077,0.4999379575629731,One year,Credit Card,Yes,1.0,0.0,-0.0967032967032967,-0.0967032967032967,0.0,1.5907116831549144,0-1 Year
C00416,0.3142857142857143,0.3956043956043956,-0.9064400049633949,Two year,Credit Card,Yes,0.0,0.0,0.12433281004709576,0.12433281004709576,-7.290432868203063,-2.884127288519893,0-1 Year
C00417,0.4,-0.3516483516483517,0.8007196922695123,Two year,Bank Transfer,Yes,0.0,0.0,-0.1406593406593407,-0.1406593406593407,0.0,2.0017992306737806,0-1 Year
C00418,0.6285714285714286,0.7472527472527473,0.10485171857550564,One year,Electronic Check,Yes,0.0,0.0,0.469701726844584,0.469701726844584,0.2232304302560063,0.1668095522792135,0-1 Year
C00419,-0.05714285714285714,-0.02197802197802198,0.6381685072589651,Month-to-month,Bank Transfer,No,1.0,0.0,0.0012558869701726845,0.0012558869701726845,508.14167390495095,0.0,
C00420,-0.5428571428571428,-0.6813186813186813,0.5155726516937585,Month-to-month,Bank Transfer,Yes,0.0,0.0,0.3698587127158556,0.3698587127158556,1.3939718978307478,0.0,
C00421,0.05714285714285714,0.34065934065934067,-0.07358233031393473,One year,Bank Transfer,Yes,1.0,0.0,0.01946624803767661,0.01946624803767661,-3.779995516933582,-1.2876907804938578,0-1 Year
C00422,-0.6571428571428571,0.4725274725274725,-0.6116143442114407,One year,Bank Transfer,No,1.0,0.0,-0.3105180533751962,-0.3105180533751962,0.0,0.0,
C00423,-0.9142857142857143,0.6263736263736264,-0.525251271869959,One year,Bank Transfer,No,1.0,0.0,-0.572684458398744,-0.572684458398744,0.0,0.0,
C00424,-0.9142857142857143,-0.24175824175824176,-0.11477850849981387,Month-to-month,Credit Card,Yes,0.0,1.0,0.22103610675039245,0.22103610675039245,-0.5192749283691863,0.0,
C00425,0.42857142857142855,-0.7472527472527473,0.7662240972825413,Two year,Electronic Check,Yes,0.0,0.0,-0.3202511773940345,-0.3202511773940345,0.0,1.7878562269925964,0-1 Year
C00426,0.4857142857142857,-0.5934065934065934,-0.6126070232038715,Month-to-month,Bank Transfer,No,1.0,0.0,-0.2882260596546311,-0.2882260596546311,0.0,-1.2612497536550296,0-1 Year
C00427,-0.08571428571428572,0.8351648351648352,0.009306365554038963,One year,Bank Transfer,Yes,0.0,0.0,-0.07158555729984302,-0.07158555729984302,0.0,0.0,
C00428,-0.9714285714285714,0.6923076923076923,-0.6848244199032137,Month-to-month,Credit Card,Yes,1.0,1.0,-0.6725274725274725,-0.6725274725274725,0.0,0.0,
C00429,-0.02857142857142857,0.5934065934065934,0.7245315796004467,One year,Electronic Check,No,1.0,0.0,-0.01695447409733124,-0.01695447409733124,0.0,0.0,
C00430,-0.7714285714285715,-1.032967032967033,0.1949373371386028,One year,Electronic Check,No,1.0,0.0,0.7968602825745684,0.7968602825745684,0.2446317646912726,0.0,
C00431,0.9428571428571428,0.45054945054945056,-0.5389006080158829,Two year,Credit Card,Yes,0.0,0.0,0.4248037676609105,0.4248037676609105,-1.2685871666892736,-0.5715612509259365,0-1 Year
C00432,0.7142857142857143,0.01098901098901099,-0.516068991189974,One year,Electronic Check,No,1.0,0.0,0.007849293563579279,0.007849293563579279,-65.74718947760267,-0.7224965876659635,0-1 Year
C00433,-0.6571428571428571,0.5164835164835165,-0.9573148033254746,Two year,Credit Card,Yes,0.0,0.0,-0.339403453689168,-0.339403453689168,0.0,0.0,
C00434,0.8571428571428571,-1.032967032967033,0.4138230549695992,Two year,Electronic Check,Yes,0.0,0.0,-0.8854003139717426,-0.8854003139717426,0.0,0.4827935641311991,0-1 Year
C00435,-0.8285714285714286,0.4065934065934066,-0.9141332671547339,Month-to-month,Electronic Check,No,0.0,1.0,-0.3368916797488226,-0.3368916797488226,0.0,0.0,
C00436,-0.22857142857142856,0.3956043956043956,-0.7081523762253381,Month-to-month,Bank Transfer,Yes,1.0,0.0,-0.09042386185243327,-0.09042386185243327,0.0,0.0,
C00437,-0.2,-0.16483516483516483,-0.2691400918228068,Month-to-month,Electronic Check,No,0.0,0.0,0.03296703296703297,0.03296703296703297,-8.163916118625139,0.0,
C00438,0.8857142857142857,-0.24175824175824176,-0.274847996029284,Month-to-month,Credit Card,Yes,0.0,0.0,-0.2141287284144427,-0.2141287284144427,0.0,-0.3103122535814497,0-1 Year
C00439,0.2571428571428571,-0.42857142857142855,0.4175456011912148,One year,Electronic Check,No,1.0,0.0,-0.11020408163265305,-0.11020408163265305,0.0,1.6237884490769467,0-1 Year
C00440,0.6571428571428571,-0.7472527472527473,0.5436158332299292,Month-to-month,Credit Card,No,1.0,0.0,-0.49105180533751963,-0.49105180533751963,0.0,0.8272414853498923,0-1 Year
C00441,0.6857142857142857,-0.978021978021978,-0.1765727757786326,One year,Credit Card,No,0.0,0.0,-0.6706436420722135,-0.6706436420722135,0.0,-0.2575019646771725,0-1 Year
C00442,0.42857142857142855,-0.4945054945054945,0.39744385159449064,Two year,Electronic Check,No,0.0,0.0,-0.2119309262166405,-0.2119309262166405,0.0,0.9273689870538115,0-1 Year
C00443,-0.22857142857142856,-0.32967032967032966,0.44236257600198536,Two year,Credit Card,No,0.0,0.0,0.07535321821036106,0.07535321821036106,5.870520019026348,0.0,
C00444,0.6285714285714286,0.12087912087912088,0.5222732348926666,One year,Credit Card,No,1.0,0.0,0.07598116169544741,0.07598116169544741,6.873720054269187,0.8308892373292424,0-1 Year
C00445,0.6,0.38461538461538464,0.274847996029284,One year,Credit Card,No,1.0,0.0,0.23076923076923078,0.23076923076923078,1.191007982793564,0.45807999338214,0-1 Year
C00446,-0.8285714285714286,0.5824175824175825,0.8501054721429457,Two year,Credit Card,No,0.0,0.0,-0.4825745682888541,-0.4825745682888541,0.0,0.0,
C00447,-0.6857142857142857,0.8241758241758241,0.5920089341109319,Month-to-month,Electronic Check,Yes,1.0,0.0,-0.5651491365777079,-0.5651491365777079,0.0,0.0,
C00448,0.37142857142857144,0.8241758241758241,0.6421392232286884,Month-to-month,Credit Card,No,1.0,0.0,0.30612244897959184,0.30612244897959184,2.0976547958803824,1.7288363702310843,0-1 Year
C00449,0.6285714285714286,0.5494505494505495,0.8873309343591016,One year,Electronic Check,Yes,1.0,0.0,0.34536891679748827,0.34536891679748827,2.569226387212489,1.4116628501167525,0-1 Year
C00450,-0.6285714285714286,-0.02197802197802198,0.584315671919593,Two year,Electronic Check,No,1.0,0.0,0.01381475667189953,0.01381475667189953,42.29648670599781,0.0,
C00451,0.7714285714285715,-0.6373626373626373,0.26268767837200646,One year,Electronic Check,No,0.0,0.0,-0.49167974882260596,-0.49167974882260596,0.0,0.34052106455630465,0-1 Year
C00452,-0.5142857142857142,0.8461538461538461,-0.3162923439632709,One year,Credit Card,No,1.0,0.0,-0.4351648351648351,-0.4351648351648351,0.0,0.0,
C00453,-0.02857142857142857,-0.5274725274725275,0.09517309839930513,Month-to-month,Electronic Check,No,1.0,0.0,0.015070643642072213,0.015070643642072213,6.31513163337056,0.0,
C00454,0.8857142857142857,-1.0,-0.21503908673532696,One year,Bank Transfer,No,0.0,0.0,-0.8857142857142857,-0.8857142857142857,0.0,-0.24278606566891756,0-1 Year
C00455,-0.7714285714285715,-0.8901098901098901,0.349050750713488,Month-to-month,Credit Card,No,0.0,1.0,0.6866562009419153,0.6866562009419153,0.5083340836865383,0.0,
C00456,-1.0285714285714285,-0.9340659340659341,0.5111055962278198,Two year,Bank Transfer,No,0.0,0.0,0.9607535321821036,0.9607535321821036,0.5319840928057536,0.0,
C00457,-0.17142857142857143,0.4945054945054945,0.2544980766844522,One year,Electronic Check,Yes,1.0,0.0,-0.0847723704866562,-0.0847723704866562,0.0,0.0,
C00458,-1.0285714285714285,0.7802197802197802,-0.883608388137486,Two year,Electronic Check,Yes,1.0,1.0,-0.8025117739403453,-0.8025117739403453,0.0,0.0,
C00459,0.45714285714285713,-0.14285714285714285,0.8235513090954213,Month-to-month,Credit Card,No,1.0,0.0,-0.06530612244897958,-0.06530612244897958,0.0,1.801518488646234,0-1 Year
C00460,-0.2571428571428571,0.7912087912087912,-0.24208958927906687,One year,Electronic Check,Yes,0.0,0.0,-0.20345368916797485,-0.20345368916797485,0.0,0.0,
C00461,0.34285714285714286,-0.38461538461538464,-0.16093808164784712,Month-to-month,Credit Card,No,1.0,0.0,-0.13186813186813187,-0.13186813186813187,0.0,-0.4694027381395541,0-1 Year
C00462,0.08571428571428572,0.4725274725274725,-0.02221119245563966,One year,Electronic Check,Yes,0.0,0.0,0.04050235478806907,0.04050235478806907,-0.5483926199318784,-0.25913057864912936,0-1 Year
C00463,0.5428571428571428,0.3076923076923077,0.582578483682839,One year,Bank Transfer,Yes,1.0,0.0,0.16703296703296702,0.16703296703296702,3.487805395732787,1.0731708909947035,0-1 Year
C00464,-0.7714285714285715,0.5824175824175825,0.36840799106588906,One year,Electronic Check,Yes,1.0,1.0,-0.4492935635792779,-0.4492935635792779,0.0,0.0,
C00465,0.7428571428571429,0.10989010989010989,0.501675145799727,Month-to-month,Bank Transfer,No,0.0,0.0,0.0816326530612245,0.0816326530612245,6.145520536046656,0.6753319270380941,0-1 Year
C00466,0.02857142857142857,-0.6153846153846154,-0.052736071472887454,One year,Credit Card,No,0.0,0.0,-0.017582417582417582,-0.017582417582417582,0.0,-1.845762501551061,0-1 Year
C00467,0.2571428571428571,-0.8571428571428571,0.3604665591264425,Two year,Electronic Check,No,0.0,0.0,-0.2204081632653061,-0.2204081632653061,0.0,1.401814396602832,0-1 Year
C00468,-0.4,-1.010989010989011,-0.042312942052363814,One year,Electronic Check,Yes,1.0,0.0,0.4043956043956044,0.4043956043956044,-0.10463254692296486,0.0,
C00469,0.45714285714285713,0.34065934065934067,0.6396575257476114,One year,Bank Transfer,Yes,1.0,0.0,0.15572998430141288,0.15572998430141288,4.107478265133351,1.3992508375728998,0-1 Year
C00470,-0.8857142857142857,0.0,0.08723166645985854,Month-to-month,Bank Transfer,Yes,1.0,1.0,-0.0,-0.0,0.0,0.0,
C00471,-1.0,0.8681318681318682,0.30140215907680856,Month-to-month,Electronic Check,Yes,0.0,1.0,-0.8681318681318682,-0.8681318681318682,0.0,0.0,
C00472,0.42857142857142855,-0.6593406593406593,-0.38577987343342846,Month-to-month,Credit Card,No,1.0,0.0,-0.28257456828885397,-0.28257456828885397,0.0,-0.9001530380113331,0-1 Year
C00473,0.22857142857142856,0.7912087912087912,-0.5550316416428838,One year,Electronic Check,Yes,0.0,0.0,0.18084772370486654,0.18084772370486654,-3.069055171237127,-2.4282634321876166,0-1 Year
C00474,-0.6857142857142857,-0.0989010989010989,0.45080034743764735,Two year,Credit Card,No,1.0,0.0,0.06781789638932496,0.06781789638932496,6.647218086059754,0.0,
C00475,-0.5142857142857142,-0.3626373626373626,0.8439012284402532,Month-to-month,Credit Card,Yes,0.0,0.0,0.18649921507064363,0.18649921507064363,4.524958607040752,0.0,
C00476,0.2,-1.0,0.4517930264300782,Two year,Credit Card,Yes,1.0,0.0,-0.2,-0.2,0.0,2.258965132150391,0-1 Year
C00477,-0.6571428571428571,0.17582417582417584,-0.8138726889192207,Two year,Electronic Check,Yes,1.0,0.0,-0.11554160125588697,-0.11554160125588697,0.0,0.0,
C00478,-0.22857142857142856,0.02197802197802198,-0.247052984241221,Two year,Electronic Check,Yes,1.0,0.0,-0.005023547880690738,-0.005023547880690738,0.0,0.0,
C00479,-0.14285714285714285,-0.6153846153846154,0.1549820076932622,Month-to-month,Credit Card,No,1.0,0.0,0.08791208791208792,0.08791208791208792,1.7629203375108575,0.0,
C00480,-0.7428571428571429,0.4945054945054945,0.1199900732100757,Two year,Credit Card,No,0.0,1.0,-0.3673469387755102,-0.3673469387755102,0.0,0.0,
C00481,0.9142857142857143,-0.6263736263736264,-0.26740290358605284,One year,Electronic Check,Yes,0.0,0.0,-0.572684458398744,-0.572684458398744,0.0,-0.2924719257972453,0-1 Year
C00482,-0.14285714285714285,0.9230769230769231,0.3986847003350292,Month-to-month,Electronic Check,Yes,0.0,0.0,-0.13186813186813187,-0.13186813186813187,0.0,0.0,
C00483,-0.6857142857142857,0.8131868131868132,0.5259957811142821,Two year,Bank Transfer,No,0.0,0.0,-0.5576138147566719,-0.5576138147566719,0.0,0.0,
C00484,-0.2857142857142857,0.3516483516483517,0.7247797493485544,Two year,Credit Card,Yes,1.0,0.0,-0.10047095761381476,-0.10047095761381476,0.0,0.0,
C00485,0.37142857142857144,-0.45054945054945056,0.8478719444099764,Month-to-month,Credit Card,No,1.0,0.0,-0.1673469387755102,-0.1673469387755102,0.0,2.2827321580268594,0-1 Year
C00486,0.8285714285714286,-0.5274725274725275,0.6431319022211193,Month-to-month,Bank Transfer,No,1.0,0.0,-0.43704866562009426,-0.43704866562009426,0.0,0.7761936750944542,0-1 Year
C00487,0.5714285714285714,0.5494505494505495,0.3083509120238243,Month-to-month,Credit Card,No,0.0,0.0,0.3139717425431711,0.3139717425431711,0.9820976547958804,0.5396140960416925,0-1 Year
C00488,-0.8,-0.4725274725274725,-0.43814369028415434,Month-to-month,Electronic Check,Yes,1.0,1.0,0.378021978021978,0.378021978021978,-1.1590429016237804,0.0,
C00489,0.8285714285714286,0.45054945054945056,-0.8699590519915622,Month-to-month,Credit Card,Yes,0.0,0.0,0.37331240188383047,0.37331240188383047,-2.330378116562763,-1.0499505799898163,0-1 Year
C00490,0.5428571428571428,-0.6923076923076923,-0.030152624395086237,One year,Electronic Check,Yes,1.0,0.0,-0.37582417582417577,-0.37582417582417577,0.0,-0.0555443080962115,0-1 Year
C00491,0.2,-0.9340659340659341,0.12718699590519916,One year,Credit Card,Yes,1.0,0.0,-0.18681318681318682,-0.18681318681318682,0.0,0.6359349795259958,0-1 Year
C00492,0.4857142857142857,0.08791208791208792,0.8610249410596849,Month-to-month,Electronic Check,No,1.0,0.0,0.042700156985871277,0.042700156985871277,20.164444391728647,1.772698408064057,0-1 Year
C00493,-1.0,-0.01098901098901099,0.31902221119245566,One year,Credit Card,Yes,1.0,0.0,0.01098901098901099,0.01098901098901099,29.031021218513462,0.0,
C00494,0.8857142857142857,0.14285714285714285,-0.5163171609380817,Month-to-month,Electronic Check,Yes,1.0,0.0,0.12653061224489795,0.12653061224489795,-4.080571110639678,-0.5829387300913825,0-1 Year
C00495,-0.42857142857142855,0.5384615384615384,-0.4575009306365554,One year,Credit Card,No,0.0,0.0,-0.23076923076923075,-0.23076923076923075,0.0,0.0,
C00496,0.37142857142857144,0.14285714285714285,0.6917731728502295,Month-to-month,Credit Card,Yes,1.0,0.0,0.053061224489795916,0.053061224489795916,13.037263642177404,1.8624662345967717,0-1 Year
C00497,-1.0,-0.7252747252747253,0.4304504280928155,Two year,Bank Transfer,No,1.0,0.0,0.7252747252747253,0.7252747252747253,0.5934998326734274,0.0,
C00498,0.2571428571428571,0.9120879120879121,-0.5024196550440502,Month-to-month,Bank Transfer,No,0.0,0.0,0.23453689167974878,0.23453689167974878,-2.142177511800937,-1.9538542140601953,0-1 Year
C00499,-1.0285714285714285,0.7692307692307693,0.3902469288993672,Two year,Credit Card,Yes,1.0,1.0,-0.7912087912087912,-0.7912087912087912,0.0,0.0,
C00500,-0.2857142857142857,0.7252747252747253,0.027174587417793772,Month-to-month,Bank Transfer,No,1.0,0.0,-0.2072213500784929,-0.2072213500784929,0.0,0.0,
