Tenure,MonthlyCharges,TotalCharges,CustomerLifetimeValue,PaymentEfficiency,TenureToChargeRatio,SeniorCitizen,PaymentMethod_Bank Transfer,PaymentMethod_Credit Card,PaymentMethod_Electronic Check,PaperlessBilling_No,PaperlessBilling_Yes,Contract,Churn
1.0354647636942298,-0.4829147131514109,-0.16495768619147105,0.32758184144457864,-0.2967756373194247,0.4267554429674385,1.0304638130973318,0.0,0.0,1.0,1.0,0.0,2.0,0
1.4800292418455985,-1.8125681531932045,0.7283037465812118,-0.8963481969940699,0.12559124873338026,6.001808924679011,-0.9704367948586523,0.0,0.0,1.0,0.0,1.0,2.0,0
-0.545208936399526,-0.1938596174901514,1.1809369663734424,-0.47168010340520755,-0.0770736479333654,-0.4460624617354165,1.0304638130973318,1.0,0.0,0.0,0.0,1.0,0.0,0
-0.9403773614229649,0.6154946503613752,-0.6078090485815119,-0.49864315696640515,-0.2548858318581685,-0.7213718200537386,-0.9704367948586523,1.0,0.0,0.0,0.0,1.0,0.0,0
-0.29822867075987664,-1.4464316986889425,1.5259697547415865,-0.9499533153835936,0.3732746451889684,0.7115791033477502,-0.9704367948586523,0.0,1.0,0.0,1.0,0.0,1.0,0
1.0354647636942298,0.11446581788185871,-0.3001251702944554,0.9047195831473559,-0.32539203783533055,0.06386945494643184,1.0304638130973318,0.0,1.0,0.0,1.0,0.0,1.0,0
1.3812371355897388,-0.5985367514159147,-1.3423376135095717,0.40461913733371463,-0.36063231045826877,0.7111873070498903,1.0304638130973318,0.0,0.0,1.0,1.0,0.0,0.0,0
-0.24883261763194678,0.6540353297828764,0.5624568006259053,0.1824949341867058,-0.24581206838999756,-0.518210570423653,1.0304638130973318,1.0,0.0,0.0,1.0,0.0,2.0,0
0.8872766043104402,-0.5985367514159147,-0.08270115803669438,0.13498860172173857,-0.28003736393915346,0.4493367813134144,-0.9704367948586523,0.0,1.0,0.0,0.0,1.0,0.0,0
0.5415042324149311,-0.44437403372990963,0.7540922797324391,0.06950690021597296,-0.22246287079758106,0.15686594979863377,-0.9704367948586523,1.0,0.0,0.0,0.0,1.0,2.0,0
-0.3476247238878065,1.405578578502151,-0.05202169618437227,0.46239710925056665,-0.29798023735759566,-0.639618953707098,-0.9704367948586523,0.0,0.0,1.0,0.0,1.0,2.0,0
-1.5825260520860531,-0.425103694019159,-0.21875790190351416,-1.1987195833589288,0.5996931482557157,-0.8725724248750253,-0.9704367948586523,0.0,1.0,0.0,0.0,1.0,0.0,1
-0.9403773614229649,1.405578578502151,-0.5931362624782274,-0.2617534721073119,-0.28262488622894283,-0.7801078163191404,-0.9704367948586523,0.0,0.0,1.0,1.0,0.0,0.0,0
0.49210817928700124,1.2706862005268966,-0.4077256017185416,1.3826718063928707,-0.33979225905040517,-0.41932450445113606,1.0304638130973318,0.0,1.0,0.0,1.0,0.0,1.0,0
1.2824450293338792,0.19154717672486124,0.8857027247800817,1.1798069272181457,-0.2903580843494848,0.11816179984238918,-0.9704367948586523,1.0,0.0,0.0,1.0,0.0,0.0,0
-0.9403773614229649,0.8274683871796321,1.4508273046974933,-0.43508738785786794,-0.06317580245083189,-0.7401204740196976,-0.9704367948586523,0.0,0.0,1.0,0.0,1.0,2.0,0
1.1342568699500895,-1.2922689810029375,0.23787698682597574,-0.42353179347449754,-0.18415067645765976,1.756139664952522,1.0304638130973318,1.0,0.0,0.0,1.0,0.0,1.0,0
-0.1994365645040169,0.6925760092043777,1.1084622956208552,0.2515075117540568,-0.22151042780684735,-0.5098922260039531,1.0304638130973318,1.0,0.0,0.0,1.0,0.0,0.0,0
-0.10064445824815717,-0.32875199546540584,-0.08403504768244752,-0.2469879903952275,-0.24282775258962358,-0.2051560720054839,-0.9704367948586523,1.0,0.0,0.0,0.0,1.0,2.0,0
1.2824450293338792,-0.5021850528621615,1.0382107742778568,0.45180448106581045,-0.24347276152773803,0.5662437837129319,-0.9704367948586523,0.0,0.0,1.0,0.0,1.0,1.0,0
0.9860687105662999,0.05665479874960681,0.5335558583012541,0.8109908731489072,-0.28828095520525826,0.07201482983302919,1.0304638130973318,0.0,1.0,0.0,1.0,0.0,2.0,0
0.2451279136473519,-1.2537283015814362,-1.7487293255823602,-0.6739030051141897,-0.37120400123665387,0.855283494565951,-0.9704367948586523,0.0,0.0,1.0,1.0,0.0,1.0,0
-0.5946049895274559,0.7889277077581308,-0.36948743187361843,-0.09612328594566948,-0.28059393119984505,-0.6381564655472993,1.0304638130973318,1.0,0.0,0.0,1.0,0.0,1.0,0
-0.00185235199229744,0.8274683871796321,-0.38104780880347894,0.528520788222075,-0.3167631518898133,-0.4754709135678854,-0.9704367948586523,0.0,0.0,1.0,1.0,0.0,2.0,0
-0.8415852551671051,0.6925760092043777,-0.6807283492160167,-0.37859337087250156,-0.27802417504166543,-0.6993569379746277,1.0304638130973318,0.0,1.0,0.0,1.0,0.0,1.0,0
0.7884844980545804,1.309226879948398,-0.08403504768244752,1.7652903759755796,-0.33640297930237245,-0.3534045464113193,1.0304638130973318,0.0,0.0,1.0,0.0,1.0,2.0,0
1.0848608168221596,1.309226879948398,0.1747395435936607,2.1177360046683766,-0.3349559511622106,-0.28124191654423797,-0.9704367948586523,0.0,0.0,1.0,0.0,1.0,1.0,0
-1.0885655208067544,-1.157376603027683,0.5375575272385135,-1.0831636395252247,0.4234022597116804,-0.39134122236685087,-0.9704367948586523,0.0,1.0,0.0,1.0,0.0,2.0,0
-0.29822867075987664,-1.0224842250524286,0.7447550522121671,-0.7310389995652988,-0.009535834709858143,0.10846727244808867,1.0304638130973318,1.0,0.0,0.0,1.0,0.0,1.0,0
0.6402963386707908,0.6925760092043777,-0.30546072887746795,1.0754855890349408,-0.32997177164414254,-0.26213067958076325,-0.9704367948586523,0.0,0.0,1.0,0.0,1.0,1.0,0
-1.3355457864464038,1.559741296188156,0.27255811761555726,-0.7188414277161856,-0.08374546015680907,-0.8785431540187559,-0.9704367948586523,0.0,1.0,0.0,0.0,1.0,0.0,1
-0.29822867075987664,-0.07823757922564761,-0.7438657924483316,-0.24345711433364212,-0.296524341422851,-0.3763762086642365,-0.9704367948586523,0.0,1.0,0.0,1.0,0.0,0.0,0
-1.7307142114698428,1.5212006167666547,0.5268864100724884,-1.2234357157900266,1.3289594237962212,-0.9681500961058925,-0.9704367948586523,0.0,0.0,1.0,0.0,1.0,0.0,1
0.29452396677528175,-0.579266411705164,0.8803671661970691,-0.1747655254991625,-0.17848921212519972,0.1218851602925475,1.0304638130973318,0.0,1.0,0.0,0.0,1.0,1.0,0
0.44271212615907135,-0.05896723951489698,1.1582608423956389,0.30575460760932344,-0.2242752252012102,-0.08718817191059261,-0.9704367948586523,0.0,0.0,1.0,1.0,0.0,2.0,0
1.0848608168221596,-0.8297808279449223,1.2631934945282188,0.015580793093577747,-0.18266139144330276,0.8112062179900091,-0.9704367948586523,1.0,0.0,0.0,0.0,1.0,0.0,0
1.3812371355897388,0.8274683871796321,-0.22231494095885584,1.948574942445149,-0.34298758418524494,-0.0854610350073201,-0.9704367948586523,0.0,1.0,0.0,1.0,0.0,1.0,0
-0.5946049895274559,1.5019302770559042,1.4908439940700873,0.2007912919603756,-0.19407063093929527,-0.7057345693977731,-0.9704367948586523,1.0,0.0,0.0,1.0,0.0,0.0,0
0.2451279136473519,-0.27094097633315395,-0.21164382379283078,0.013654860696349348,-0.2788910923507698,-0.07599597966709437,-0.9704367948586523,1.0,0.0,0.0,0.0,1.0,1.0,0
-1.5331299989581233,-0.0011562203826450818,-1.1271367506613992,-1.1264971184628636,-0.08763704613569138,-0.8760454757570771,1.0304638130973318,1.0,0.0,0.0,0.0,1.0,2.0,0
0.7884844980545804,-1.0417545647631792,-0.2583299613941905,-0.31022277077089333,-0.24897269216675352,0.9193820458433111,-0.9704367948586523,1.0,0.0,0.0,1.0,0.0,1.0,0
0.44271212615907135,1.6175523153204079,-0.08403504768244752,1.5903515165606665,-0.3333547316390858,-0.48205409674442073,-0.9704367948586523,0.0,0.0,1.0,0.0,1.0,0.0,0
-1.286149733318474,0.8660090666011333,0.2018619663906411,-0.7830391742904657,-0.060369082973908035,-0.839536974472798,-0.9704367948586523,0.0,1.0,0.0,1.0,0.0,2.0,1
-0.7921892020391753,0.4806022723861207,-0.4628597070763379,-0.40427246950221357,-0.2544701505143632,-0.6607524496353551,1.0304638130973318,0.0,0.0,1.0,1.0,0.0,1.0,0
-0.545208936399526,1.2899565402376472,-0.14672786103284485,0.1709393398033354,-0.28633953261799583,-0.6764191664835638,-0.9704367948586523,0.0,0.0,1.0,0.0,1.0,0.0,0
-0.39702077701573635,-0.44437403372990963,-1.0760043142408624,-0.49158140484323437,-0.30469677099674025,-0.2974347614655519,-0.9704367948586523,0.0,1.0,0.0,0.0,1.0,0.0,0
-0.3476247238878065,-0.29021131604390454,-0.22320420072269126,-0.38501314552992955,-0.23495566381201777,-0.3308522226916204,1.0304638130973318,0.0,1.0,0.0,1.0,0.0,2.0,0
-0.29822867075987664,-0.8683215073664236,-1.3143259309487558,-0.6514337938131916,-0.3161597463839898,-0.01698874840044672,-0.9704367948586523,0.0,1.0,0.0,1.0,0.0,0.0,0
0.34392001990321164,1.1743345019731435,-0.06358207311423278,1.1377574032119924,-0.3227443173751867,-0.44061300947896653,-0.9704367948586523,1.0,0.0,0.0,1.0,0.0,2.0,0
-0.15004051137608704,1.463389597634403,0.0035570390553416936,0.7365214871227423,-0.3073900010848229,-0.5990381833450638,-0.9704367948586523,1.0,0.0,0.0,0.0,1.0,1.0,0
0.8872766043104402,-1.36935033984594,1.4788389872583092,-0.5711866105953416,-0.003123026349103772,1.7556205831733855,-0.9704367948586523,0.0,0.0,1.0,1.0,0.0,2.0,0
-1.1379615739346844,1.3863082387914003,-0.8834795753704932,-0.5076308414868044,-0.28269829945527936,-0.8260614154204605,-0.9704367948586523,0.0,0.0,1.0,0.0,1.0,2.0,0
-0.24883261763194678,1.0587124637086396,0.24943736375583625,0.39819936267628664,-0.2793011927402121,-0.5765600197833506,1.0304638130973318,0.0,1.0,0.0,1.0,0.0,2.0,0
-0.8909813082950351,1.3863082387914003,0.2943449818295251,-0.2075063762520453,-0.21827486651608166,-0.7672115244144807,-0.9704367948586523,0.0,1.0,0.0,1.0,0.0,2.0,0
0.93667265743837,0.5384132915183726,1.0306520662852556,1.222498428690042,-0.28694811139902593,-0.1290582758497073,1.0304638130973318,1.0,0.0,0.0,0.0,1.0,1.0,0
1.4306331887176686,1.3284972196591485,-1.1907188237756319,2.5501078278461526,-0.37201058990329333,-0.2013639086332473,-0.9704367948586523,0.0,0.0,1.0,0.0,1.0,0.0,0
0.7884844980545804,-1.6584054355071993,1.306322593074237,-0.8546196617207878,0.18658589528504327,3.019971083457623,1.0304638130973318,0.0,0.0,1.0,1.0,0.0,0.0,0
0.39331607303114147,1.193604841683894,-0.4984300976297548,1.2086959131765718,-0.339700369339025,-0.431285314274644,-0.9704367948586523,1.0,0.0,0.0,1.0,0.0,1.0,0
0.39331607303114147,-0.21312995720090203,-0.7429765326844963,0.15424792569402257,-0.3205835438428466,-0.03889748425286801,1.0304638130973318,0.0,0.0,1.0,1.0,0.0,0.0,0
-0.6933970957833155,1.3863082387914003,0.6207033151571255,0.03259319593576195,-0.22665725351339092,-0.7201316116096969,1.0304638130973318,0.0,0.0,1.0,1.0,0.0,0.0,0
0.195731860519422,-0.5214553925729122,-0.3339170413202015,-0.1898519959441183,-0.26919687830387995,0.034002020060120874,1.0304638130973318,1.0,0.0,0.0,0.0,1.0,1.0,0
-0.15004051137608704,-0.4829147131514109,1.6446859332136157,-0.3657538215576455,-0.06848838995654488,-0.1598362342206893,-0.9704367948586523,0.0,0.0,1.0,1.0,0.0,0.0,0
-0.051248405120227304,1.039442123997889,1.2849803587421869,0.6049161066454682,-0.2435124860941002,-0.5220187260149952,1.0304638130973318,0.0,0.0,1.0,1.0,0.0,1.0,0
-0.15004051137608704,1.4441192579236524,1.4797282470221444,0.7256078702051147,-0.24352981037527105,-0.5969771474329537,1.0304638130973318,1.0,0.0,0.0,1.0,0.0,1.0,0
1.5294252949735283,-0.425103694019159,-0.5055441757404382,0.6819534025346043,-0.3275827466591107,0.6176130106884238,-0.9704367948586523,0.0,1.0,0.0,0.0,1.0,0.0,0
0.7390884449266506,-1.157376603027683,-0.7042937329576553,-0.42995156813192553,-0.27418152791200995,1.087425167713353,1.0304638130973318,0.0,1.0,0.0,1.0,0.0,0.0,0
1.1342568699500895,-0.27094097633315395,-0.20942067438324222,0.5972123770565547,-0.3114022551091357,0.31608050486295264,1.0304638130973318,1.0,0.0,0.0,1.0,0.0,0.0,0
1.1836529230780193,0.24935819585711314,-0.49976398727550797,1.158300682115762,-0.33878460446267045,0.05780789997411212,1.0304638130973318,1.0,0.0,0.0,1.0,0.0,0.0,0
1.5294252949735283,-1.7547571340609527,-0.39838837419826967,-0.8241257320980049,-0.1368080936909554,5.222730618317813,-0.9704367948586523,1.0,0.0,0.0,1.0,0.0,1.0,0
0.5415042324149311,0.7118463489151283,-0.07558707992601099,0.9939544508856052,-0.3192186241824053,-0.2958784525823673,1.0304638130973318,0.0,0.0,1.0,0.0,1.0,1.0,0
1.233048976205949,0.9816311048656371,0.8950399523003536,1.9556366945683197,-0.3129432265119089,-0.1688417054839628,1.0304638130973318,0.0,0.0,1.0,0.0,1.0,2.0,0
-1.7801102645977727,-0.5599960719944134,1.3361127951627236,-1.3203743131171894,9.959156670135945,-0.9652643051100985,-0.9704367948586523,1.0,0.0,0.0,0.0,1.0,2.0,0
0.93667265743837,-1.215187622159935,-0.06713911216957447,-0.41326015402261274,-0.21546461328182817,1.3761670202973597,1.0304638130973318,0.0,0.0,1.0,0.0,1.0,1.0,0
0.93667265743837,-0.6178070911266653,-1.6228990689996476,0.14397628624213776,-0.37267800533385176,0.4931675973542614,-0.9704367948586523,1.0,0.0,0.0,0.0,1.0,0.0,0
-0.1994365645040169,0.8660090666011333,-0.8434628859978991,0.3468411654168626,-0.33348268086555644,-0.5369287029439859,-0.9704367948586523,1.0,0.0,0.0,1.0,0.0,1.0,0
1.5294252949735283,-0.9261325264986754,-1.0737811648312738,0.11444532281796897,-0.33891674062048127,1.2408590187967146,1.0304638130973318,0.0,0.0,1.0,1.0,0.0,2.0,0
0.14633580739149216,0.2878988752786144,0.6224818346847963,0.3211620667871506,-0.25438679598395736,-0.31377334038516275,1.0304638130973318,0.0,0.0,1.0,0.0,1.0,1.0,0
-1.1873576270626143,-0.9839435456309273,0.037793539963005496,-1.080916718395125,0.24983902928536575,-0.5442246051082035,1.0304638130973318,1.0,0.0,0.0,0.0,1.0,0.0,0
-0.7921892020391753,1.1165234828408916,1.5290821639150105,-0.1818272776223333,-0.1276518162943914,-0.7236809637882203,-0.9704367948586523,1.0,0.0,0.0,0.0,1.0,2.0,0
-0.24883261763194678,0.6347649900721257,-0.749645980913262,0.17222329473482098,-0.32176693585278376,-0.5150192771095844,1.0304638130973318,0.0,0.0,1.0,1.0,0.0,2.0,0
-1.6813181583419128,-0.6948884499696678,-1.2952068460262942,-1.271905014453608,0.28867997893755976,-0.907320392609754,1.0304638130973318,0.0,1.0,0.0,1.0,0.0,1.0,0
-0.3476247238878065,0.3457098944108663,-0.5259971503086529,-0.06723429998724346,-0.29389715097643726,-0.49448583117399647,1.0304638130973318,0.0,1.0,0.0,0.0,1.0,0.0,0
-0.5946049895274559,1.3284972196591485,1.5339730926161053,0.12856882706431058,-0.18200169708186825,-0.6917967156902506,1.0304638130973318,0.0,1.0,0.0,1.0,0.0,0.0,0
0.590900285542861,-0.40583335430840833,0.1373906335125729,0.13049475946153896,-0.26644495411436386,0.1558749700045009,1.0304638130973318,1.0,0.0,0.0,0.0,1.0,1.0,0
-1.3355457864464038,-1.5620537369534462,0.612255347400689,-1.2388431749678537,1.640912359306707,-0.3450455321012029,-0.9704367948586523,0.0,1.0,0.0,1.0,0.0,0.0,1
-1.286149733318474,-0.0011562203826450818,-1.1111300749123616,-0.9419285970618086,-0.22046179184437253,-0.7803824470236382,1.0304638130973318,1.0,0.0,0.0,0.0,1.0,2.0,1
-0.9897734145508947,0.17227683701411062,-1.3410037238638184,-0.6713350952512184,-0.3175718409408414,-0.6891749566147704,1.0304638130973318,0.0,1.0,0.0,1.0,0.0,0.0,0
1.233048976205949,-1.0224842250524286,-0.5317773387735832,-0.11409865498646789,-0.29075562496217205,1.2077756551333814,-0.9704367948586523,0.0,1.0,0.0,0.0,1.0,2.0,0
1.3812371355897388,-0.03969689980414635,-0.5584551316886459,1.0096828987963038,-0.3379256660424689,0.2747697641557638,-0.9704367948586523,0.0,1.0,0.0,0.0,1.0,0.0,0
-1.1873576270626143,-0.3094816557546552,-0.5664584695631647,-0.9348668449386378,-0.10583579814031713,-0.7019600004615336,-0.9704367948586523,0.0,1.0,0.0,1.0,0.0,0.0,0
1.5294252949735283,0.24935819585711314,-0.9381690508463717,1.4459065867685366,-0.35779307320527,0.17814467163770575,1.0304638130973318,0.0,0.0,1.0,0.0,1.0,0.0,0
-0.1994365645040169,1.559741296188156,-0.9359459014367831,0.7281757800680859,-0.3473924926940341,-0.6202578547163257,-0.9704367948586523,1.0,0.0,0.0,0.0,1.0,1.0,0
-1.5331299989581233,1.5982819756096573,0.9848551884477315,-0.9666447294929065,0.28013511169081434,-0.924142586619523,1.0304638130973318,0.0,1.0,0.0,1.0,0.0,0.0,1
-0.39702077701573635,-0.9839435456309273,0.8532447434000887,-0.7522242559348112,0.020134674885849177,0.005457247358258662,-0.9704367948586523,0.0,0.0,1.0,0.0,1.0,1.0,0
-0.24883261763194678,-1.7547571340609527,-0.566013839681247,-1.1014599972988945,0.0847130512621629,1.9331926443769218,1.0304638130973318,0.0,0.0,1.0,0.0,1.0,2.0,0
0.5415042324149311,-0.6948884499696678,-0.5019871366850965,-0.1307900690957807,-0.2872466347738389,0.3454903718019952,1.0304638130973318,1.0,0.0,0.0,0.0,1.0,1.0,0
-0.39702077701573635,-1.4078910192674412,-0.957732765650751,-0.9570150675067645,-0.17905145466172123,0.5260882180732269,1.0304638130973318,0.0,1.0,0.0,1.0,0.0,1.0,0
-0.9403773614229649,-1.6584054355071993,1.448159525405987,-1.180423225585259,1.3782705099472234,0.37132152158368076,-0.9704367948586523,0.0,0.0,1.0,0.0,1.0,0.0,0
-0.7921892020391753,0.7889277077581308,0.957732765650751,-0.2964202552574231,-0.14774155484596083,-0.6945860086976842,-0.9704367948586523,0.0,0.0,1.0,1.0,0.0,2.0,0
-1.3355457864464038,-0.6563477705481665,0.42061986829415526,-1.0879784705182958,0.39834453782256546,-0.71930437516399,1.0304638130973318,0.0,0.0,1.0,0.0,1.0,1.0,0
-0.6933970957833155,-1.7740274737717032,-0.08892597638354234,-1.1781763044551592,0.5483930311800198,1.2017886383864564,1.0304638130973318,0.0,0.0,1.0,0.0,1.0,1.0,0
0.6402963386707908,0.49987261209687134,0.08892597638354234,0.9149912225992407,-0.3103542395921812,-0.21048571638753566,-0.9704367948586523,0.0,1.0,0.0,1.0,0.0,0.0,0
-1.0885655208067544,-1.06102490447393,-0.5246632606628998,-1.0590894845598697,0.028201638812815608,-0.44121642102495007,1.0304638130973318,1.0,0.0,0.0,1.0,0.0,0.0,0
0.14633580739149216,-0.1938596174901514,-1.5210788260404917,0.00017333391575054437,-0.36435587344220693,-0.15272011254214635,-0.9704367948586523,0.0,1.0,0.0,0.0,1.0,1.0,0
1.1342568699500895,1.0779828034193903,-1.774962488615505,1.945365055116435,-0.38495610846287603,-0.21860396653979997,1.0304638130973318,0.0,1.0,0.0,1.0,0.0,0.0,0
0.2451279136473519,0.5384132915183726,1.377463374181071,0.5798789854814991,-0.23736635611464524,-0.3445039844465814,-0.9704367948586523,0.0,0.0,1.0,0.0,1.0,1.0,0
-0.6440010426553857,-1.6005944163749475,-1.145811205701943,-1.1014599972988945,-0.12484802990954065,0.6556358403749557,1.0304638130973318,1.0,0.0,0.0,1.0,0.0,1.0,0
1.6282174012293882,-0.7334291293911691,1.5032936307637832,0.38214992603271664,-0.21371580637114596,1.0085285979477956,-0.9704367948586523,0.0,0.0,1.0,0.0,1.0,2.0,0
-0.24883261763194678,-1.0802952441846805,0.26455477974103847,-0.7419526164829264,-0.07333507789323666,0.20153136837870864,1.0304638130973318,0.0,1.0,0.0,1.0,0.0,0.0,0
0.44271212615907135,0.07592513846035745,-1.5811038600993828,0.40911297959391424,-0.3728104015881454,-0.14029959565774858,1.0304638130973318,1.0,0.0,0.0,1.0,0.0,0.0,0
-0.6440010426553857,-1.2922689810029375,-1.1440326861742722,-0.9782003238762769,-0.2119968199138768,0.10795119983868635,-0.9704367948586523,0.0,0.0,1.0,0.0,1.0,0.0,0
1.233048976205949,-0.7719698088126704,-0.7829932220570903,0.14461826370788058,-0.3225402519204217,0.8271895306351441,-0.9704367948586523,0.0,1.0,0.0,1.0,0.0,1.0,0
1.0354647636942298,-0.8297808279449223,0.8225652815477666,-0.007530395673163057,-0.20842030799159375,0.7806630429353106,-0.9704367948586523,1.0,0.0,0.0,1.0,0.0,0.0,0
-0.545208936399526,-0.425103694019159,-0.4717523047146921,-0.5718285880610844,-0.22675147422881978,-0.37584394635387575,-0.9704367948586523,0.0,0.0,1.0,0.0,1.0,1.0,0
-0.39702077701573635,1.2128751813946448,1.666917427309501,0.3089644949380374,-0.19723576027290649,-0.6322632061278881,-0.9704367948586523,0.0,0.0,1.0,0.0,1.0,2.0,0
0.09693975426356229,1.0587124637086396,0.24454643505474144,0.7801759547932527,-0.2989444667914657,-0.48593603124657025,-0.9704367948586523,0.0,0.0,1.0,1.0,0.0,0.0,0
0.7884844980545804,-1.6969461149287006,0.09648468437614344,-0.8886444674051562,-0.005582559131699864,3.3159719833613,-0.9704367948586523,0.0,0.0,1.0,1.0,0.0,2.0,0
-0.6440010426553857,0.5191429518076219,1.2449636693695927,-0.2540497425183983,-0.13363410417152602,-0.6189064859258012,-0.9704367948586523,0.0,1.0,0.0,0.0,1.0,1.0,0
-1.4837339458301935,-1.1766469427384336,-1.1475897252296139,-1.2266456031187405,0.14487069599181154,-0.7059032091261808,1.0304638130973318,0.0,1.0,0.0,0.0,1.0,1.0,0
1.3812371355897388,-0.40583335430840833,1.3209953791775215,0.6132618137001247,-0.24248923421995813,0.5303128737568942,1.0304638130973318,1.0,0.0,0.0,1.0,0.0,1.0,0
-0.6440010426553857,1.3477675593698992,-1.1836047456649486,0.07721062980488656,-0.34451159778990315,-0.7053094510548683,1.0304638130973318,0.0,0.0,1.0,1.0,0.0,2.0,0
1.4306331887176686,1.559741296188156,-0.5437823455853614,2.804330904280302,-0.35908134792263213,-0.24967459919544768,-0.9704367948586523,0.0,0.0,1.0,1.0,0.0,0.0,0
-0.00185235199229744,-1.4078910192674412,-1.4517165644613288,-0.849162853261974,-0.3123849060159955,0.9445514810554146,-0.9704367948586523,0.0,0.0,1.0,1.0,0.0,0.0,0
-0.00185235199229744,0.7118463489151283,-0.6500488873636945,0.45726128952462425,-0.3272455214206714,-0.45514072829493396,-0.9704367948586523,0.0,1.0,0.0,1.0,0.0,1.0,0
-1.7307142114698428,1.3284972196591485,0.35970557447142876,-1.2298554904474546,1.296137779493023,-0.9669175586734476,1.0304638130973318,0.0,0.0,1.0,0.0,1.0,1.0,1
-0.9897734145508947,-1.7547571340609527,-1.2551901566537,-1.2170159411325985,0.03252975783243485,0.5625518219015503,-0.9704367948586523,1.0,0.0,0.0,1.0,0.0,1.0,0
-0.6933970957833155,-0.21312995720090203,-0.542893085821526,-0.5801742951157408,-0.23325957600172786,-0.50429214584521,-0.9704367948586523,0.0,0.0,1.0,1.0,0.0,2.0,0
1.1342568699500895,-1.311539320713688,0.960845174824175,-0.44279111744678157,-0.1086504413352911,1.814461974404533,1.0304638130973318,0.0,1.0,0.0,1.0,0.0,0.0,0
-1.286149733318474,-1.06102490447393,-1.5939981266749965,-1.1361267804490056,-0.2703540576101563,-0.5877830048148844,-0.9704367948586523,0.0,0.0,1.0,1.0,0.0,1.0,0
-0.545208936399526,1.2899565402376472,1.272530722048491,0.1709393398033354,-0.2030750528175956,-0.6764191664835638,-0.9704367948586523,0.0,1.0,0.0,1.0,0.0,0.0,0
0.8872766043104402,-0.5407257322836627,-0.38193706856731435,0.1879517426455196,-0.3011074478131978,0.3997324911337146,1.0304638130973318,0.0,1.0,0.0,1.0,0.0,2.0,0
-0.7921892020391753,0.21081751643561186,1.5664310739960983,-0.49864315696640515,-0.0267710594837512,-0.6241050170546579,-0.9704367948586523,0.0,1.0,0.0,0.0,1.0,1.0,0
-0.3476247238878065,-0.29021131604390454,-0.49531768845633084,-0.38501314552992955,-0.26013628822734075,-0.3308522226916204,-0.9704367948586523,0.0,0.0,1.0,1.0,0.0,0.0,0
1.4306331887176686,-0.3094816557546552,-0.015117415985202198,0.7493610364375983,-0.3086744833383932,0.4757860624700454,1.0304638130973318,1.0,0.0,0.0,1.0,0.0,2.0,0
0.39331607303114147,0.05665479874960681,0.09070449591121318,0.3564708274030046,-0.28494860765636687,-0.15174431544491465,-0.9704367948586523,1.0,0.0,0.0,1.0,0.0,2.0,0
1.3812371355897388,1.2128751813946448,0.2654440395048739,2.3658602951779693,-0.33629687629072397,-0.18713201481977196,-0.9704367948586523,0.0,0.0,1.0,1.0,0.0,1.0,0
-0.44641683014366623,-0.38656301459765774,0.8439075158798168,-0.49414931470620554,-0.10407615563485126,-0.3424650660686931,1.0304638130973318,0.0,0.0,1.0,1.0,0.0,1.0,0
0.49210817928700124,1.2899565402376472,-0.42773394640483864,1.3977582768378265,-0.34070431705728327,-0.4224629811440853,1.0304638130973318,0.0,0.0,1.0,1.0,0.0,1.0,0
-1.5825260520860531,-0.1938596174901514,0.7794361830017487,-1.1794602593866448,1.0146270205259313,-0.8860759855253217,-0.9704367948586523,0.0,1.0,0.0,1.0,0.0,1.0,1
-1.6813181583419128,1.251415860816146,-0.4357372842793575,-1.1746454283935737,0.3510628650233173,-0.9541587739555198,-0.9704367948586523,1.0,0.0,0.0,1.0,0.0,1.0,0
-0.7427931489112455,-0.9646732059201767,-1.0070866825436169,-0.8889654561380277,-0.21954833460746456,-0.24663858686143122,1.0304638130973318,1.0,0.0,0.0,0.0,1.0,0.0,0
0.49210817928700124,0.2878988752786144,-0.8550232629277595,0.6132618137001247,-0.34135967060749745,-0.19528648066105564,-0.9704367948586523,1.0,0.0,0.0,0.0,1.0,0.0,0
-1.0885655208067544,-0.03969689980414635,1.0337644754586797,-0.8039034419271066,0.08842669430255065,-0.6987770623003652,1.0304638130973318,0.0,0.0,1.0,1.0,0.0,2.0,0
1.0848608168221596,-1.1188359236061818,0.4250661671133324,-0.2684942354976113,-0.1979176776321265,1.2845986860006602,-0.9704367948586523,0.0,1.0,0.0,0.0,1.0,1.0,0
1.5294252949735283,-0.9261325264986754,-0.9194945958058278,0.11444532281796897,-0.3295154596745676,1.2408590187967146,1.0304638130973318,0.0,1.0,0.0,0.0,1.0,2.0,0
-1.4837339458301935,-1.465702038399693,1.0844522819972988,-1.2603494200702376,2.618584498126843,-0.5965919938661975,1.0304638130973318,0.0,0.0,1.0,0.0,1.0,1.0,0
-0.3476247238878065,0.9045497460226346,-0.13116581516572495,0.2120258976108746,-0.28811755437249353,-0.5832847398281175,-0.9704367948586523,0.0,1.0,0.0,1.0,0.0,1.0,0
0.6402963386707908,-0.5985367514159147,-1.4912886239520051,0.00017333391575054437,-0.36238678158520343,0.31841151844517634,-0.9704367948586523,0.0,1.0,0.0,1.0,0.0,0.0,0
-0.44641683014366623,1.3477675593698992,0.048020027247112865,0.3147422921297226,-0.28466001108220784,-0.6577208411911456,-0.9704367948586523,0.0,1.0,0.0,1.0,0.0,1.0,0
0.2451279136473519,-0.6756181102589172,0.720300408706693,-0.2694572016962255,-0.17335523856627952,0.16385105831008795,1.0304638130973318,0.0,0.0,1.0,1.0,0.0,1.0,0
-1.5331299989581233,-0.0011562203826450818,0.14317082197750317,-1.1264971184628636,0.4233960379397634,-0.8760454757570771,1.0304638130973318,1.0,0.0,0.0,0.0,1.0,0.0,1
-1.0885655208067544,0.9238200857333853,0.19874955721721713,-0.5631618922735566,-0.15239772944651994,-0.788312331441027,-0.9704367948586523,0.0,1.0,0.0,1.0,0.0,0.0,0
-0.8909813082950351,-0.637077430837416,1.498847331944606,-0.8478788983304885,0.21315089513070368,-0.4812053549700722,-0.9704367948586523,0.0,1.0,0.0,0.0,1.0,0.0,0
-1.6813181583419128,-1.0032138853416779,-1.1902741938937142,-1.2873124736314352,0.6143969335702467,-0.8861423976487524,-0.9704367948586523,0.0,0.0,1.0,1.0,0.0,2.0,0
1.4306331887176686,0.4035209135431182,1.301431664373142,1.5332155221095574,-0.2894280049394346,0.07707037260841258,-0.9704367948586523,1.0,0.0,0.0,1.0,0.0,0.0,0
0.6896923917987207,-0.6178070911266653,1.4214817324909244,0.010765962100506747,-0.1715541069770864,0.36066681989073773,-0.9704367948586523,1.0,0.0,0.0,0.0,1.0,2.0,0
-1.5331299989581233,0.3457098944108663,1.438822297885715,-1.0918303353127525,0.764345846027662,-0.8915700544245624,-0.9704367948586523,0.0,1.0,0.0,1.0,0.0,1.0,1
-1.5331299989581233,-1.0032138853416779,-0.9141590372228152,-1.2266456031187405,0.31626778047215715,-0.7814436850603008,1.0304638130973318,0.0,1.0,0.0,0.0,1.0,0.0,1
-0.15004051137608704,-1.7547571340609527,-0.9817427792743074,-1.0860525381210673,-0.0844895079431111,2.1159447540403047,1.0304638130973318,1.0,0.0,0.0,0.0,1.0,2.0,0
0.6402963386707908,1.4441192579236524,1.1373632379455065,1.701413618134171,-0.29963763179195185,-0.4116294002309536,1.0304638130973318,0.0,1.0,0.0,1.0,0.0,0.0,0
0.2451279136473519,-0.6178070911266653,-1.3512302111479257,-0.2290126213544291,-0.34606841421015794,0.12216542045639515,-0.9704367948586523,1.0,0.0,0.0,0.0,1.0,1.0,0
-0.4958128832715961,-1.2537283015814362,-0.6496042574817767,-0.9146445547677396,-0.1360812145535582,0.1959532785648244,1.0304638130973318,0.0,0.0,1.0,0.0,1.0,2.0,0
-0.00185235199229744,-1.099565583895431,0.3872726271503269,-0.6591375234021052,-0.09524088949233546,0.41156901185262823,1.0304638130973318,0.0,1.0,0.0,1.0,0.0,0.0,0
-1.0885655208067544,-1.4464316986889425,-1.6460198228593688,-1.1553861044212896,-0.28269763163458567,-0.16708939398641962,-0.9704367948586523,1.0,0.0,0.0,1.0,0.0,0.0,0
1.3812371355897388,-1.311539320713688,0.5904684831867212,-0.36735876522200256,-0.16376423180469799,2.048237231458011,1.0304638130973318,1.0,0.0,0.0,0.0,1.0,1.0,0
0.93667265743837,-0.1360485983578995,0.9630683242337635,0.5933605122620979,-0.2574312793182288,0.14996484351719722,1.0304638130973318,1.0,0.0,0.0,0.0,1.0,2.0,0
-0.39702077701573635,-0.579266411705164,0.7794361830017487,-0.5567421176161286,-0.08890876759095527,-0.24039781150783668,-0.9704367948586523,0.0,1.0,0.0,1.0,0.0,2.0,0
0.2451279136473519,1.0972531431301409,-1.3534533605575143,0.9708432621188644,-0.367645240346436,-0.4534161090713813,1.0304638130973318,1.0,0.0,0.0,1.0,0.0,0.0,0
-1.5825260520860531,-1.36935033984594,1.6131172115974581,-1.2773618229124217,4.009299474215652,-0.7411627744726049,-0.9704367948586523,0.0,1.0,0.0,1.0,0.0,1.0,0
0.195731860519422,-0.020426560093395715,-0.7972213782784571,0.1523219932967942,-0.3237194174071308,-0.19952928044584275,1.0304638130973318,1.0,0.0,0.0,1.0,0.0,2.0,0
1.1836529230780193,-1.6584054355071993,-0.8545786330458419,-0.780150275694623,-0.22781868687248485,3.6253766976002386,-0.9704367948586523,0.0,1.0,0.0,0.0,1.0,1.0,0
-0.39702077701573635,1.4248489182129016,0.3659303928182767,0.411359900724014,-0.27421087710809433,-0.6531217833103443,1.0304638130973318,0.0,1.0,0.0,0.0,1.0,1.0,0
0.29452396677528175,0.2878988752786144,1.1756014077904298,0.44634767260699665,-0.2362112234738457,-0.26299325764625975,-0.9704367948586523,1.0,0.0,0.0,1.0,0.0,1.0,0
-1.286149733318474,-0.5214553925729122,1.421926362372842,-1.0372622507246145,0.55721646489336,-0.7158831972306046,-0.9704367948586523,0.0,1.0,0.0,1.0,0.0,1.0,0
0.49210817928700124,1.5019302770559042,0.44774229109113567,1.5637094517323402,-0.3165833254877457,-0.45484081345907396,1.0304638130973318,0.0,1.0,0.0,1.0,0.0,2.0,0
-0.15004051137608704,-1.4849723781104438,1.634459445929508,-0.9332619012742809,0.36596357998706097,0.9743436490564431,1.0304638130973318,0.0,1.0,0.0,0.0,1.0,0.0,0
1.6282174012293882,1.0201717842871385,-0.8167850930828364,2.426848154423535,-0.3626739966011044,-0.07381907275318574,-0.9704367948586523,1.0,0.0,0.0,0.0,1.0,1.0,0
0.9860687105662999,0.3649802341216169,-0.8763654972598097,1.103732597527624,-0.351386342799364,-0.05479870514925065,1.0304638130973318,0.0,0.0,1.0,0.0,1.0,0.0,0
-0.545208936399526,1.0779828034193903,1.0342091053405975,0.07913656220211496,-0.20608625221038418,-0.6562050146349954,-0.9704367948586523,0.0,1.0,0.0,0.0,1.0,2.0,0
1.233048976205949,1.309226879948398,1.3321111262254643,2.2939588190147755,-0.3091843328935736,-0.24516060161069736,1.0304638130973318,0.0,0.0,1.0,0.0,1.0,2.0,0
1.0354647636942298,0.24935819585711314,1.3303326066977934,1.0350410086931443,-0.2678239097467347,0.006234997832571939,-0.9704367948586523,1.0,0.0,0.0,0.0,1.0,0.0,0
-0.8909813082950351,-1.3886206795566907,0.8474645549351585,-1.0857315493881958,0.536637737941681,-0.02005003117846822,-0.9704367948586523,0.0,0.0,1.0,0.0,1.0,1.0,0
-0.10064445824815717,-0.03969689980414635,1.1302491598348232,-0.07846890563774248,-0.17681078335896028,-0.30935833171791366,1.0304638130973318,1.0,0.0,0.0,1.0,0.0,0.0,0
-0.1994365645040169,1.5982819756096573,-0.8830349454885754,0.7493610364375983,-0.3455505711669266,-0.6239992303399591,-0.9704367948586523,1.0,0.0,0.0,0.0,1.0,2.0,0
-1.4343378927022636,1.1357938225516422,-0.10359876248682683,-0.9011630279871409,-0.034782007981983595,-0.8896503958687368,-0.9704367948586523,0.0,1.0,0.0,0.0,1.0,2.0,1
0.09693975426356229,0.5962243106506245,-0.14494934150517402,0.47973050082562224,-0.30336094387846335,-0.4029947451700801,1.0304638130973318,1.0,0.0,0.0,0.0,1.0,1.0,0
0.9860687105662999,0.15300649730335997,0.5806866257845315,0.9024726620172562,-0.29045212262997616,0.02884440172294659,1.0304638130973318,0.0,1.0,0.0,0.0,1.0,1.0,0
1.0354647636942298,0.673305669493627,0.4793110127072932,1.444622631837051,-0.3125474633810607,-0.13990540441616264,1.0304638130973318,0.0,1.0,0.0,1.0,0.0,1.0,0
-0.051248405120227304,1.4826599373451537,-0.3241351839180118,0.8706947774629875,-0.3254023572469573,-0.5781505054898042,-0.9704367948586523,0.0,0.0,1.0,1.0,0.0,1.0,0
1.3812371355897388,-1.0802952441846805,0.9817427792743074,-0.11698755358231049,-0.18096541281397646,1.4311654869513684,-0.9704367948586523,0.0,1.0,0.0,1.0,0.0,2.0,0
0.34392001990321164,-0.9068621867879247,-1.0142007606543004,-0.3875810553929007,-0.307939855082699,0.43199543225215875,1.0304638130973318,1.0,0.0,0.0,1.0,0.0,2.0,0
-1.5331299989581233,-1.0802952441846805,1.087120061288805,-1.2343493327076542,1.9330138993574717,-0.7672712704967202,-0.9704367948586523,0.0,1.0,0.0,1.0,0.0,2.0,0
-1.5825260520860531,-1.465702038399693,-0.37437836057471324,-1.2853865412342067,1.7445749771230779,-0.7092345985436279,-0.9704367948586523,0.0,1.0,0.0,0.0,1.0,0.0,1
1.5294252949735283,-1.3308096604244386,1.5811038600993828,-0.3439265877223903,-0.08106839057155293,2.2574686220442692,-0.9704367948586523,0.0,0.0,1.0,1.0,0.0,0.0,0
-1.0885655208067544,-0.2516706366224033,-1.0964572888090771,-0.8568665828508877,-0.24674695298388957,-0.6673108083600594,1.0304638130973318,0.0,1.0,0.0,1.0,0.0,0.0,0
0.7390884449266506,-1.465702038399693,-0.43529265439743975,-0.6970141938809304,-0.190829171533053,1.9378666113759855,1.0304638130973318,0.0,1.0,0.0,0.0,1.0,2.0,0
0.8872766043104402,1.039442123997889,-1.200056051295904,1.635610927895534,-0.3675103349992011,-0.27458468989771834,-0.9704367948586523,0.0,0.0,1.0,1.0,0.0,2.0,0
-1.1379615739346844,0.9045497460226346,-1.7282763510141455,-0.6199768979917943,-0.3699151885717273,-0.8006481373796303,-0.9704367948586523,0.0,1.0,0.0,0.0,1.0,2.0,0
-1.3849418395743336,-0.8297808279449223,-0.7981106380422925,-1.1399786452434626,0.07274420961483226,-0.7159525347449172,1.0304638130973318,0.0,0.0,1.0,0.0,1.0,0.0,1
-0.24883261763194678,1.6175523153204079,0.7011813237842314,0.6960769067809459,-0.27538957575292655,-0.6369023182422243,-0.9704367948586523,0.0,0.0,1.0,0.0,1.0,0.0,0
-1.5825260520860531,1.0972531431301409,-0.9541757265954093,-1.0719290338747256,-0.09109780913941859,-0.9268619434317488,1.0304638130973318,1.0,0.0,0.0,1.0,0.0,1.0,0
1.1836529230780193,-1.7547571340609527,-1.7762963782612582,-0.8780518392204001,-0.36930760208824215,4.583098234495973,1.0304638130973318,0.0,0.0,1.0,1.0,0.0,1.0,0
1.1836529230780193,1.193604841683894,0.7229681879981992,2.1177360046683766,-0.32085959847974715,-0.23233214237684494,1.0304638130973318,0.0,1.0,0.0,0.0,1.0,0.0,0
1.5788213481014584,-1.2922689810029375,-0.3525914963607454,-0.2848646608740527,-0.26018031259139535,2.1681867812309807,1.0304638130973318,1.0,0.0,0.0,0.0,1.0,1.0,0
-1.3355457864464038,0.3649802341216169,0.11738228882627588,-0.9178544420964536,0.02468791617939139,-0.8266231444322997,-0.9704367948586523,0.0,0.0,1.0,1.0,0.0,0.0,1
-0.00185235199229744,-1.5620537369534462,1.2338479223216499,-0.9441755181919085,0.29792696057476414,1.3986025288659998,1.0304638130973318,0.0,0.0,1.0,1.0,0.0,0.0,0
0.8378805511825103,1.463389597634403,1.0946787692814062,1.9626984466914905,-0.3077288699614705,-0.3685658734085109,1.0304638130973318,0.0,1.0,0.0,1.0,0.0,2.0,0
-1.236753680190544,-1.215187622159935,1.4437132265868098,-1.1476823748323761,1.0876865095747197,-0.48362508226551176,-0.9704367948586523,0.0,0.0,1.0,1.0,0.0,2.0,0
1.6282174012293882,0.9430904254441359,0.49264990916482454,2.336971309219543,-0.3304001818989642,-0.05146631132761555,-0.9704367948586523,0.0,1.0,0.0,1.0,0.0,1.0,0
-0.3476247238878065,-0.15531893806865013,1.1978329018863154,-0.3176055116269355,-0.12204526329525549,-0.373988751289371,1.0304638130973318,0.0,1.0,0.0,0.0,1.0,1.0,0
0.8378805511825103,1.2706862005268966,0.9523972070677384,1.7893645309409345,-0.30735731166098285,-0.33420500997235997,-0.9704367948586523,0.0,0.0,1.0,0.0,1.0,0.0,0
0.14633580739149216,0.7889277077581308,1.2502992279526053,0.6549903489734067,-0.24865764616405714,-0.42654567873335675,-0.9704367948586523,0.0,0.0,1.0,1.0,0.0,1.0,0
1.5788213481014584,-0.0011562203826450818,0.23031827883337466,1.1990662511904298,-0.31402295427120847,0.3293086862842529,1.0304638130973318,0.0,1.0,0.0,0.0,1.0,1.0,0
1.0848608168221596,-0.38656301459765774,1.3427822433914893,0.45116250360006765,-0.22833589231799212,0.37537983997501534,1.0304638130973318,0.0,1.0,0.0,0.0,1.0,2.0,0
-1.1873576270626143,0.4227912532538688,1.2965407356720473,-0.7762984109001663,0.10640077524341711,-0.7820291629084735,-0.9704367948586523,1.0,0.0,0.0,0.0,1.0,1.0,0
0.5415042324149311,-0.6756181102589172,0.8776993869055629,-0.11538260991795349,-0.18875630568336077,0.3288070823882724,1.0304638130973318,0.0,0.0,1.0,0.0,1.0,0.0,0
0.5415042324149311,-0.38656301459765774,-1.3534533605575143,0.11572927774945457,-0.3559860135119879,0.12066067976595768,-0.9704367948586523,1.0,0.0,0.0,0.0,1.0,1.0,0
-0.9403773614229649,-1.1381062633169323,1.6509107515604635,-1.0244227014097584,0.5827874172218032,-0.2842647718060498,-0.9704367948586523,0.0,0.0,1.0,1.0,0.0,1.0,0
-0.8415852551671051,-1.2729986412921868,0.3761568801023841,-1.0334103859301578,0.24942614026067997,-0.09382973694035528,1.0304638130973318,0.0,0.0,1.0,1.0,0.0,1.0,0
0.39331607303114147,0.19154717672486124,0.5873560740132971,0.45758227825749564,-0.2661854297983114,-0.19869617446606586,-0.9704367948586523,0.0,1.0,0.0,1.0,0.0,1.0,0
-1.0885655208067544,-1.67767577521795,1.0479926316800465,-1.2131640763381417,1.542575189911471,0.18469069836266974,1.0304638130973318,0.0,1.0,0.0,1.0,0.0,0.0,0
-0.051248405120227304,-0.9261325264986754,0.15739897819886994,-0.5737545204583128,-0.1539391306704613,0.1906471933689882,1.0304638130973318,0.0,0.0,1.0,1.0,0.0,0.0,0
-0.15004051137608704,-0.425103694019159,-0.38593873750457375,-0.3330129708047627,-0.2570635550604371,-0.18661404977439006,-0.9704367948586523,0.0,1.0,0.0,0.0,1.0,2.0,0
0.590900285542861,-0.6756181102589172,-0.30145905994020855,-0.08970351128824147,-0.27632212226931857,0.3562997530679699,1.0304638130973318,0.0,1.0,0.0,1.0,0.0,0.0,0
-1.6813181583419128,0.4806022723861207,-0.7429765326844963,-1.2131640763381417,0.35902253364118925,-0.9436855872940826,1.0304638130973318,0.0,0.0,1.0,1.0,0.0,1.0,0
-1.1873576270626143,-0.40583335430840833,-1.756732663456879,-0.9557311125752789,-0.36124053607191675,-0.6866103134383843,-0.9704367948586523,1.0,0.0,0.0,0.0,1.0,0.0,0
1.2824450293338792,-1.6584054355071993,1.5441995799002126,-0.7615329291880818,0.1315943068013173,3.776728101135892,1.0304638130973318,0.0,1.0,0.0,0.0,1.0,2.0,0
-0.44641683014366623,-1.581324076664197,-1.3841328224098366,-1.051385754970956,-0.24080173995255294,0.8720157417393934,1.0304638130973318,0.0,1.0,0.0,1.0,0.0,2.0,0
0.49210817928700124,1.6175523153204079,1.1973882720043976,1.654228274402075,-0.2964734295144865,-0.47099350949457763,1.0304638130973318,0.0,0.0,1.0,0.0,1.0,2.0,0
0.49210817928700124,1.3863082387914003,0.058246514531220234,1.4731906290626056,-0.32660763335054716,-0.43765213478099385,1.0304638130973318,1.0,0.0,0.0,0.0,1.0,1.0,0
-0.3476247238878065,0.7503870283366295,-0.05157706630245456,0.13498860172173857,-0.2781671233919209,-0.5621267193007151,-0.9704367948586523,1.0,0.0,0.0,0.0,1.0,1.0,0
0.7884844980545804,-0.5599960719944134,-0.34414352860430886,0.11508730028371177,-0.2944979510498808,0.36472956149937535,1.0304638130973318,1.0,0.0,0.0,0.0,1.0,0.0,0
0.6402963386707908,0.01811411932810555,-1.5659864441141806,0.5137553065099907,-0.37291823561401793,-0.04245053252671138,1.0304638130973318,0.0,1.0,0.0,1.0,0.0,0.0,0
-0.051248405120227304,1.1550641622623927,-0.2356538374163872,0.6742496729456907,-0.3154610846911745,-0.5380834564852023,-0.9704367948586523,1.0,0.0,0.0,1.0,0.0,1.0,0
-0.7427931489112455,-1.0417545647631792,0.5117689940872862,-0.9172124646307108,0.10565461785544102,-0.19791829073208447,1.0304638130973318,1.0,0.0,0.0,0.0,1.0,2.0,0
1.331841082461809,1.0009014445763877,-0.23787698682597574,2.082748232785394,-0.34513666182054425,-0.14740348622522975,-0.9704367948586523,1.0,0.0,0.0,1.0,0.0,0.0,0
1.233048976205949,0.8467387268903828,-1.6744761353021023,1.816327584502132,-0.38201830834945966,-0.13267579829808798,-0.9704367948586523,1.0,0.0,0.0,1.0,0.0,1.0,0
1.4800292418455985,-0.9261325264986754,-1.405030426859969,0.09293907771558517,-0.3586756554630502,1.2080398992520984,1.0304638130973318,0.0,0.0,1.0,0.0,1.0,0.0,0
1.4800292418455985,-1.5042427178211943,-1.3183275998860151,-0.552248275355929,-0.3255126911843755,2.9861107964132585,1.0304638130973318,0.0,1.0,0.0,1.0,0.0,0.0,0
-0.8415852551671051,0.673305669493627,-1.0813398728238748,-0.38501314552992955,-0.3143651493047846,-0.6974150047816724,-0.9704367948586523,0.0,0.0,1.0,0.0,1.0,0.0,0
-0.29822867075987664,0.7503870283366295,1.4783943573763914,0.1844208665839342,-0.19272715948903826,-0.5478362396028322,1.0304638130973318,0.0,1.0,0.0,0.0,1.0,2.0,0
1.5788213481014584,0.11446581788185871,1.5370855017895293,1.3319555865991894,-0.274219407867277,0.2639007690329835,-0.9704367948586523,0.0,0.0,1.0,0.0,1.0,1.0,0
0.6402963386707908,-0.791240148523421,1.5059614100552896,-0.1603210325199495,-0.13409367677871628,0.49509878277478236,1.0304638130973318,0.0,1.0,0.0,1.0,0.0,0.0,0
0.195731860519422,-0.7526994691019198,-0.011115747047942793,-0.34777845251684714,-0.22174263906224498,0.19560671866153861,1.0304638130973318,1.0,0.0,0.0,1.0,0.0,2.0,0
1.5294252949735283,1.5019302770559042,-0.41217190053771874,2.864676786060125,-0.35670588934514,-0.2153513191539521,-0.9704367948586523,0.0,1.0,0.0,1.0,0.0,1.0,0
-1.4837339458301935,0.6347649900721257,-0.6718357515776624,-1.0154350168893593,-0.06581204559532708,-0.8867550842405372,-0.9704367948586523,0.0,1.0,0.0,0.0,1.0,2.0,0
-1.7801102645977727,1.3477675593698992,0.6860639077990291,-1.2885964285629208,3.4502622576152517,-0.9789439577712732,1.0304638130973318,0.0,1.0,0.0,0.0,1.0,2.0,1
-1.1379615739346844,0.8274683871796321,-1.108906925502773,-0.6379522670325928,-0.2917358974975178,-0.7958361709569212,1.0304638130973318,1.0,0.0,0.0,1.0,0.0,1.0,0
0.9860687105662999,-1.6005944163749475,0.06180355358656193,-0.762495895386696,-0.09316668601925499,2.919541647466675,-0.9704367948586523,1.0,0.0,0.0,1.0,0.0,1.0,0
-1.7307142114698428,-1.1381062633169323,1.4588306425720121,-1.312028606062533,7.863289498438162,-0.9123326281892978,1.0304638130973318,0.0,0.0,1.0,1.0,0.0,0.0,1
-0.29822867075987664,-0.5214553925729122,0.00800333787451881,-0.47232208087095034,-0.19620778187356933,-0.21595971903678757,1.0304638130973318,0.0,0.0,1.0,1.0,0.0,2.0,0
1.331841082461809,0.307169214989365,-0.4824234218807172,1.3431901922496885,-0.34156429965035134,0.08420409931581575,-0.9704367948586523,0.0,0.0,1.0,1.0,0.0,2.0,0
-1.0391694676788246,1.3477675593698992,-1.4179246934355827,-0.3978526948447855,-0.34494299133698036,-0.8004866707823135,1.0304638130973318,0.0,0.0,1.0,1.0,0.0,1.0,0
1.3812371355897388,-1.6391350957964488,1.136918608063589,-0.7220513150448996,0.04086512987806443,3.7646602151396933,-0.9704367948586523,0.0,1.0,0.0,1.0,0.0,0.0,0
1.0848608168221596,0.9623607651548866,1.5766575612802056,1.7768459703589499,-0.289233481428718,-0.2038779826467614,1.0304638130973318,0.0,0.0,1.0,0.0,1.0,1.0,0
1.4306331887176686,1.0587124637086396,-1.401918017686545,2.253514238672979,-0.37595226632228396,-0.13638636117613157,1.0304638130973318,0.0,0.0,1.0,1.0,0.0,0.0,0
0.9860687105662999,0.15300649730335997,0.7194111489428575,0.9024726620172562,-0.2849590007316232,0.02884440172294659,-0.9704367948586523,1.0,0.0,0.0,0.0,1.0,0.0,0
-1.3355457864464038,-1.8125681531932045,0.33614019072979007,-1.2805717102411358,2.531210537207623,0.05283799945178345,1.0304638130973318,0.0,0.0,1.0,1.0,0.0,1.0,0
-1.4837339458301935,0.5191429518076219,-0.4948730585744131,-1.028916543669958,-0.0027964953525141684,-0.8823601781463781,1.0304638130973318,1.0,0.0,0.0,1.0,0.0,0.0,1
-1.3355457864464038,-0.0011562203826450818,-0.22009179154926728,-0.9788423013420197,0.011337250776437992,-0.7995150527703261,-0.9704367948586523,0.0,0.0,1.0,0.0,1.0,1.0,1
-1.3355457864464038,0.5384132915183726,-0.38193706856731435,-0.8889654561380277,-0.09818996922551881,-0.8369513183822939,1.0304638130973318,0.0,0.0,1.0,1.0,0.0,2.0,1
-1.1873576270626143,0.4806022723861207,-1.5495351384832252,-0.7637798503181816,-0.3382980264089764,-0.7865005108170117,-0.9704367948586523,1.0,0.0,0.0,0.0,1.0,1.0,0
-1.4343378927022636,-0.2516706366224033,-0.9119358878132267,-1.0860525381210673,-0.060742599453145585,-0.8182916159027268,1.0304638130973318,1.0,0.0,0.0,0.0,1.0,1.0,0
-1.3355457864464038,1.5404709564774055,0.03201335149807524,-0.7220513150448996,-0.11643182489633443,-0.8779675622390611,-0.9704367948586523,0.0,0.0,1.0,1.0,0.0,2.0,1
-0.00185235199229744,0.9045497460226346,-0.2120884536747485,0.5760271206870423,-0.3106867828711266,-0.48818825339933064,1.0304638130973318,0.0,0.0,1.0,0.0,1.0,0.0,0
0.29452396677528175,1.2899565402376472,1.296985365553965,1.1640784793074472,-0.2751594984116681,-0.4708355878754146,-0.9704367948586523,0.0,0.0,1.0,0.0,1.0,1.0,0
1.5788213481014584,1.193604841683894,-0.9154929268685684,2.5722560504142793,-0.36584241058426764,-0.13285555642794533,-0.9704367948586523,1.0,0.0,0.0,1.0,0.0,2.0,0
0.9860687105662999,-0.0011562203826450818,1.6251222184092362,0.7561017998278977,-0.23946008445217923,0.09971741732399961,-0.9704367948586523,0.0,0.0,1.0,0.0,1.0,0.0,0
0.6402963386707908,1.0587124637086396,-0.45663488872948993,1.380424885262771,-0.34135030727211013,-0.3435269064030582,-0.9704367948586523,0.0,0.0,1.0,1.0,0.0,2.0,0
-1.1873576270626143,1.4441192579236524,1.0475480017981287,-0.5551371739517715,-0.059379609399091204,-0.8402460656355787,1.0304638130973318,0.0,0.0,1.0,0.0,1.0,0.0,0
-0.8415852551671051,-1.1381062633169323,-0.11649302906244047,-0.9884719633281617,0.04769952787256724,-0.2057562897581438,1.0304638130973318,1.0,0.0,0.0,1.0,0.0,1.0,0
0.7390884449266506,-1.311539320713688,1.3596781789043624,-0.563482881006428,-0.020433712539142838,1.440421563118968,-0.9704367948586523,0.0,0.0,1.0,0.0,1.0,2.0,0
-0.1994365645040169,-0.3094816557546552,-0.43884969345278146,-0.29930915385326573,-0.26575500001034996,-0.25752752388357925,1.0304638130973318,0.0,1.0,0.0,1.0,0.0,1.0,0
0.590900285542861,-1.4271613589781917,1.287648138033693,-0.703112979805487,0.04911063940832887,1.6346086014597403,1.0304638130973318,1.0,0.0,0.0,0.0,1.0,2.0,0
-0.7427931489112455,-1.099565583895431,1.0048635331340285,-0.9383977210002232,0.23844072133821745,-0.1569756322378442,1.0304638130973318,0.0,0.0,1.0,1.0,0.0,1.0,0
1.331841082461809,1.3477675593698992,-0.13161044504764266,2.452527253053247,-0.3467767922721098,-0.22942335241764222,1.0304638130973318,0.0,1.0,0.0,0.0,1.0,1.0,0
0.8378805511825103,-1.0417545647631792,-1.1106854450304438,-0.2906424580657379,-0.32337484746952766,0.9554239921844527,1.0304638130973318,1.0,0.0,0.0,1.0,0.0,0.0,0
-0.4958128832715961,-0.9261325264986754,-0.28678627383692407,-0.767310726379767,-0.14421929678637482,-0.10472488253255977,1.0304638130973318,0.0,1.0,0.0,0.0,1.0,0.0,0
0.7884844980545804,0.24935819585711314,0.7074061421310793,0.8296082196554483,-0.28201574704716076,-0.07971983906999491,-0.9704367948586523,1.0,0.0,0.0,1.0,0.0,1.0,0
0.7390884449266506,0.7118463489151283,0.04713076748327744,1.1891156004714165,-0.3201685879304441,-0.23796489777779753,-0.9704367948586523,1.0,0.0,0.0,0.0,1.0,2.0,0
-0.8415852551671051,1.2321455211053953,-0.6758374205149218,-0.1988396804645175,-0.29478523459337475,-0.7449267694841314,1.0304638130973318,1.0,0.0,0.0,0.0,1.0,0.0,0
-1.1379615739346844,0.307169214989365,-1.471280279265708,-0.7592860080579821,-0.3268292318969497,-0.7556749706474809,1.0304638130973318,0.0,0.0,1.0,0.0,1.0,2.0,0
1.331841082461809,0.17227683701411062,1.6722529858925137,1.1993872399233012,-0.2635904205522551,0.1448432328119571,1.0304638130973318,0.0,1.0,0.0,1.0,0.0,0.0,0
0.6896923917987207,-0.32875199546540584,1.1484789849934494,0.2563223427471278,-0.219786156177577,0.15401423118615953,1.0304638130973318,0.0,1.0,0.0,0.0,1.0,2.0,0
-1.3355457864464038,1.0201717842871385,0.6469364781902706,-0.8087182729201776,0.028756976694984684,-0.8598379620252012,1.0304638130973318,0.0,0.0,1.0,0.0,1.0,1.0,1
1.3812371355897388,1.251415860816146,-0.031124091734239818,2.407588830451251,-0.3439039306091544,-0.1960571574673836,-0.9704367948586523,0.0,1.0,0.0,0.0,1.0,1.0,0
-1.1379615739346844,1.1743345019731435,0.641600919607258,-0.557063106349,-0.10431693109902201,-0.8157685327232193,1.0304638130973318,0.0,1.0,0.0,0.0,1.0,1.0,0
0.7884844980545804,-1.099565583895431,-1.531305313324599,-0.3612599792974459,-0.3567643571988309,1.0180166322157989,1.0304638130973318,0.0,1.0,0.0,0.0,1.0,0.0,0
-0.545208936399526,-0.7141587896804185,0.6313744323231506,-0.6970141938809304,-0.04481611675910052,-0.2577266933673209,1.0304638130973318,0.0,0.0,1.0,0.0,1.0,2.0,0
0.2451279136473519,-1.831838492903955,-1.0057527928978638,-1.0783488085321538,-0.10108325072427124,3.6106933524811073,1.0304638130973318,0.0,1.0,0.0,0.0,1.0,2.0,0
-0.7921892020391753,1.251415860816146,-0.5117689940872862,-0.1346419338902375,-0.28764645824764407,-0.7340647562654158,-0.9704367948586523,1.0,0.0,0.0,1.0,0.0,1.0,0
0.7884844980545804,0.5962243106506245,1.1329169391263294,1.135831470814764,-0.2797670640513325,-0.19197297309470238,1.0304638130973318,1.0,0.0,0.0,0.0,1.0,1.0,0
-0.8415852551671051,-1.5042427178211943,0.1862999205235212,-1.1104476818192937,0.38478448759784023,0.19630871264353106,-0.9704367948586523,0.0,0.0,1.0,1.0,0.0,0.0,0
-1.3355457864464038,0.7118463489151283,0.46152581743058474,-0.8600764701796016,0.03871928700456429,-0.8460572232257796,1.0304638130973318,0.0,1.0,0.0,0.0,1.0,0.0,1
0.9860687105662999,-1.3886206795566907,0.8879258741896703,-0.5612359598763281,-0.07491475521995491,1.921532126939003,1.0304638130973318,1.0,0.0,0.0,1.0,0.0,2.0,0
-1.4343378927022636,0.7118463489151283,-1.6509107515604635,-0.9576570449725073,-0.3369526085494709,-0.8750140006280644,-0.9704367948586523,0.0,0.0,1.0,1.0,0.0,0.0,1
1.6282174012293882,0.7889277077581308,-0.9786303701008835,2.157217618811559,-0.3648709857816008,-0.0033241051054713404,-0.9704367948586523,0.0,1.0,0.0,0.0,1.0,2.0,0
-1.5331299989581233,0.885279406311884,-1.6691405767190897,-1.0379042281903572,-0.3290842764089651,-0.9088238692150897,-0.9704367948586523,0.0,0.0,1.0,0.0,1.0,0.0,1
1.1836529230780193,-1.2344579618706855,-1.5126308582840553,-0.3493833961812041,-0.355464690700803,1.637963942758287,-0.9704367948586523,1.0,0.0,0.0,1.0,0.0,1.0,0
1.6282174012293882,1.0779828034193903,0.26188700044953217,2.4942557883265293,-0.3380938473367201,-0.08989777592356599,-0.9704367948586523,0.0,0.0,1.0,1.0,0.0,0.0,0
0.34392001990321164,-1.0802952441846805,-1.0310966961671735,-0.5146925936099752,-0.29759514333592846,0.6486710478596757,-0.9704367948586523,0.0,1.0,0.0,0.0,1.0,0.0,0
1.4306331887176686,-1.36935033984594,-0.9857444482115668,-0.41582806388558397,-0.3028055910515563,2.3049129218555033,-0.9704367948586523,0.0,0.0,1.0,0.0,1.0,1.0,0
-1.7801102645977727,1.3670378990806498,-1.596221276084585,-1.2882754398300493,0.024964399002403277,-0.9790078865862433,1.0304638130973318,0.0,0.0,1.0,0.0,1.0,2.0,1
-1.3849418395743336,0.44206159296461944,-1.6437966734497802,-0.9493113379178508,-0.3364227729104613,-0.8473257858853294,-0.9704367948586523,0.0,1.0,0.0,1.0,0.0,2.0,1
1.4306331887176686,0.7889277077581308,-1.5717666325791109,1.9569206494998055,-0.37948645185332336,-0.05975364825585608,-0.9704367948586523,0.0,1.0,0.0,0.0,1.0,0.0,0
0.9860687105662999,0.9623607651548866,0.5393360467661843,1.670919688511388,-0.3164017433042819,-0.2305546988362679,-0.9704367948586523,0.0,1.0,0.0,1.0,0.0,0.0,0
-0.7921892020391753,1.2321455211053953,-1.499291961826524,-0.1413826972805369,-0.3600196138727252,-0.7326310524464779,1.0304638130973318,1.0,0.0,0.0,0.0,1.0,1.0,0
0.9860687105662999,1.3863082387914003,-1.5286375340330929,2.0734395595321238,-0.37863954510670345,-0.3199523527690343,-0.9704367948586523,1.0,0.0,0.0,0.0,1.0,1.0,0
0.29452396677528175,-0.6563477705481665,1.3227738987051922,-0.22997558755304331,-0.1329008248487955,0.17676685057761518,1.0304638130973318,0.0,1.0,0.0,1.0,0.0,2.0,0
0.6402963386707908,1.039442123997889,-1.8020849114124855,1.3643754486192008,-0.38528025077822914,-0.3396989099285807,-0.9704367948586523,1.0,0.0,0.0,1.0,0.0,1.0,0
-1.1873576270626143,-0.4829147131514109,-1.7184944936119557,-0.9724225266845917,-0.3509964896439421,-0.6731039517603012,-0.9704367948586523,0.0,0.0,1.0,0.0,1.0,1.0,0
0.2451279136473519,0.15300649730335997,-0.1329443346933958,0.310248449869523,-0.29410587708604474,-0.2394938908981456,1.0304638130973318,0.0,1.0,0.0,1.0,0.0,0.0,0
1.4800292418455985,1.2899565402376472,0.8808117960789869,2.5661572644897226,-0.3249123556378481,-0.18059994748743916,-0.9704367948586523,1.0,0.0,0.0,0.0,1.0,2.0,0
0.39331607303114147,1.6175523153204079,1.4903993641881697,1.526474758719258,-0.28333951280366787,-0.49311468399426384,-0.9704367948586523,0.0,1.0,0.0,0.0,1.0,0.0,0
0.44271212615907135,-1.2344579618706855,-1.665583537663748,-0.5949397768278252,-0.3630846217855262,0.9915364707102151,-0.9704367948586523,1.0,0.0,0.0,0.0,1.0,1.0,0
0.195731860519422,-0.32875199546540584,1.5201895662766562,-0.058246615466844266,-0.15317381505957772,-0.07046720830861768,-0.9704367948586523,1.0,0.0,0.0,0.0,1.0,1.0,0
-0.29822867075987664,-0.579266411705164,-1.0124222411266295,-0.5021740330279906,-0.29695982931008325,-0.188643101250639,-0.9704367948586523,0.0,0.0,1.0,0.0,1.0,1.0,0
-0.7921892020391753,-0.7719698088126704,1.2511884877164408,-0.8424220898716747,0.1630156110758071,-0.37505653832882796,1.0304638130973318,1.0,0.0,0.0,0.0,1.0,2.0,0
0.590900285542861,-0.9068621867879247,-0.7100739214225856,-0.2784448862166247,-0.2907295291557003,0.5936814029895864,1.0304638130973318,1.0,0.0,0.0,0.0,1.0,0.0,0
-1.631922105213983,-0.1938596174901514,-0.7460889418579202,-1.2131640763381417,0.35696571422860435,-0.9070290104676981,-0.9704367948586523,0.0,0.0,1.0,0.0,1.0,0.0,1
-0.7921892020391753,-0.03969689980414635,-1.093344879635653,-0.5862730810402974,-0.2964193243822816,-0.5819514431256299,1.0304638130973318,0.0,0.0,1.0,0.0,1.0,0.0,0
0.7390884449266506,-0.8683215073664236,0.6989581743746428,-0.1795803564922335,-0.19146309251967003,0.6427176902631628,-0.9704367948586523,0.0,0.0,1.0,1.0,0.0,2.0,0
-1.1873576270626143,1.4248489182129016,0.9292764532080174,-0.5593100274790997,-0.0710062223941497,-0.839449687821715,-0.9704367948586523,1.0,0.0,0.0,1.0,0.0,2.0,0
0.590900285542861,0.11446581788185871,0.4219537579399084,0.5551628530504013,-0.2801555188079211,-0.09979252930620128,-0.9704367948586523,1.0,0.0,0.0,0.0,1.0,1.0,0
-0.9403773614229649,-1.1959172824491842,0.9106019981674736,-1.0417560929848142,0.4222967931810588,-0.2443452046630468,-0.9704367948586523,1.0,0.0,0.0,0.0,1.0,0.0,0
-0.10064445824815717,0.4613319326753701,0.444185252035794,0.2136308412752316,-0.2553881029377201,-0.4367382903196501,-0.9704367948586523,1.0,0.0,0.0,1.0,0.0,2.0,0
1.5788213481014584,-0.40583335430840833,0.6905102066182063,0.7339535772597711,-0.27788779486140547,0.6239223496949926,-0.9704367948586523,0.0,0.0,1.0,0.0,1.0,0.0,0
1.1342568699500895,-1.36935033984594,-1.2938729563805411,-0.5005690893636335,-0.3267275715293842,2.0052989189379846,1.0304638130973318,0.0,1.0,0.0,1.0,0.0,1.0,0
1.677613454357318,0.7889277077581308,-1.5117415985202198,2.2072918611394976,-0.3785535093761408,0.010783280682124844,-0.9704367948586523,0.0,1.0,0.0,1.0,0.0,1.0,0
-1.6813181583419128,1.2128751813946448,-1.240072740668498,-1.1765713607908022,-0.058726197817555836,-0.9537468442948609,1.0304638130973318,0.0,1.0,0.0,0.0,1.0,0.0,1
-0.1994365645040169,-0.27094097633315395,-0.5482286444045386,-0.2781238974837533,-0.27727816014552115,-0.27203422193211785,-0.9704367948586523,0.0,1.0,0.0,0.0,1.0,2.0,0
0.2451279136473519,0.13373615759260934,-1.2974299954358828,0.2967669230889242,-0.3564307109903461,-0.23334035101821887,-0.9704367948586523,1.0,0.0,0.0,1.0,0.0,2.0,0
-1.631922105213983,-1.831838492903955,0.43129098546018035,-1.3223002455144177,7.59814683922864,-0.5525997328354599,1.0304638130973318,1.0,0.0,0.0,0.0,1.0,2.0,0
-1.1873576270626143,-0.17458927777940078,0.7945535989869508,-0.9056568702473404,0.1497367928372183,-0.7210190746220396,1.0304638130973318,0.0,1.0,0.0,1.0,0.0,2.0,0
0.7884844980545804,-1.2922689810029375,-1.2071701294065873,-0.531384007719288,-0.31496916988171014,1.4356585745137205,-0.9704367948586523,0.0,1.0,0.0,1.0,0.0,1.0,0
-1.3355457864464038,-0.5021850528621615,1.0755596843589446,-1.0622993718885836,0.5319802921932492,-0.7436847778641664,-0.9704367948586523,0.0,0.0,1.0,1.0,0.0,0.0,1
-0.15004051137608704,1.0972531431301409,-1.1529252838126265,0.5291627656878178,-0.3534299323242706,-0.5557827759601095,1.0304638130973318,0.0,0.0,1.0,0.0,1.0,2.0,0
-1.0391694676788246,1.559741296188156,1.5526475476566493,-0.34135867785941915,-0.08436941517069724,-0.8111643802876872,-0.9704367948586523,0.0,0.0,1.0,1.0,0.0,2.0,0
-1.4343378927022636,0.8274683871796321,0.8812564259609046,-0.9422495857946801,0.2172371830898879,-0.8794097163627567,1.0304638130973318,0.0,1.0,0.0,1.0,0.0,0.0,1
0.09693975426356229,0.9816311048656371,-1.5148540076936436,0.7301017124653143,-0.372254365676349,-0.4737769685375845,1.0304638130973318,0.0,1.0,0.0,1.0,0.0,1.0,0
0.195731860519422,1.193604841683894,-0.0609142938227265,0.9814358903036206,-0.31828981524368327,-0.4810236072490937,-0.9704367948586523,1.0,0.0,0.0,0.0,1.0,1.0,0
0.2451279136473519,0.7889277077581308,-0.8492430744628293,0.7551388336292835,-0.344234292800552,-0.3983309071581644,-0.9704367948586523,0.0,0.0,1.0,1.0,0.0,2.0,0
1.4800292418455985,0.5191429518076219,-1.4245941416643484,1.7059074603943705,-0.3745248441271527,0.04747638263212864,1.0304638130973318,0.0,0.0,1.0,1.0,0.0,0.0,0
-0.6933970957833155,-0.09750791893639824,1.116465633495374,-0.5358778499794876,-0.05960111183014157,-0.5308070757848282,1.0304638130973318,1.0,0.0,0.0,0.0,1.0,2.0,0
-0.39702077701573635,-0.4829147131514109,-0.9661807334071875,-0.5101987513497755,-0.2911731981174315,-0.2820428336348827,-0.9704367948586523,0.0,1.0,0.0,1.0,0.0,1.0,0
-1.7307142114698428,-0.020426560093395715,0.5584551316886459,-1.2747939130494506,2.571458813572174,-0.9522405331742106,1.0304638130973318,0.0,1.0,0.0,0.0,1.0,1.0,0
1.331841082461809,-0.27094097633315395,0.6642770435850612,0.7268918251366003,-0.2786410538957085,0.40320861253629636,1.0304638130973318,1.0,0.0,0.0,0.0,1.0,0.0,0
-0.8415852551671051,-0.15531893806865013,-0.8554678928096773,-0.6610634557993336,-0.2556336604887889,-0.579606204271982,1.0304638130973318,1.0,0.0,0.0,0.0,1.0,2.0,0
1.5788213481014584,-1.099565583895431,-0.49220527928290686,-0.06338243519278668,-0.2918340189972768,1.6244642525789694,-0.9704367948586523,0.0,0.0,1.0,0.0,1.0,1.0,0
0.29452396677528175,-1.0032138853416779,0.06180355358656193,-0.47842086679550694,-0.18935215757455698,0.5098404368639343,-0.9704367948586523,1.0,0.0,0.0,0.0,1.0,2.0,0
0.7884844980545804,0.15300649730335997,0.15517582878928138,0.7445462054445273,-0.3012408053324518,-0.04271247630934461,1.0304638130973318,1.0,0.0,0.0,0.0,1.0,1.0,0
-1.3849418395743336,0.8081980474688815,1.2494099681887698,-0.8944222645968415,0.22578997009450166,-0.8646828270227298,-0.9704367948586523,1.0,0.0,0.0,1.0,0.0,0.0,1
0.5415042324149311,-1.1959172824491842,1.4045857969780513,-0.531384007719288,-0.029965423840566965,0.9998146379605484,-0.9704367948586523,0.0,1.0,0.0,1.0,0.0,2.0,0
1.677613454357318,1.0972531431301409,-1.6878150317596337,2.571935061681408,-0.3833980314178361,-0.08233694159974182,1.0304638130973318,0.0,0.0,1.0,1.0,0.0,0.0,0
-0.29822867075987664,0.8660090666011333,0.44285136239004086,0.2441247708980146,-0.25799505090483005,-0.5644385458102416,1.0304638130973318,0.0,0.0,1.0,0.0,1.0,1.0,0
-0.8415852551671051,-0.7526994691019198,0.9710716621082823,-0.8600764701796016,0.1317793329761682,-0.4120860717500124,1.0304638130973318,0.0,1.0,0.0,0.0,1.0,2.0,0
-1.4343378927022636,1.0201717842871385,1.509963078992549,-0.916570487164968,0.311095451833639,-0.8860385916676018,-0.9704367948586523,0.0,1.0,0.0,1.0,0.0,2.0,0
0.7390884449266506,1.3477675593698992,1.3863559718194252,1.7399322660787389,-0.2935493631608636,-0.37218918200880996,-0.9704367948586523,0.0,1.0,0.0,0.0,1.0,2.0,0
-1.7307142114698428,-1.2729986412921868,0.7580939486696985,-1.3165224483227325,7.057717044696758,-0.901139972907519,1.0304638130973318,1.0,0.0,0.0,1.0,0.0,2.0,0
0.590900285542861,0.9238200857333853,-0.1938586285161223,1.2157576652997426,-0.32924581770689193,-0.32924709950302594,-0.9704367948586523,1.0,0.0,0.0,1.0,0.0,1.0,0
-0.6440010426553857,-0.5985367514159147,1.1871617847202902,-0.7008660586753872,0.03375718139990238,-0.3623998484696613,-0.9704367948586523,0.0,1.0,0.0,0.0,1.0,1.0,0
-0.051248405120227304,-1.4849723781104438,-0.1867445504054389,-0.9088667575760545,-0.0454649308179343,1.0899427525443048,1.0304638130973318,1.0,0.0,0.0,0.0,1.0,1.0,0
0.93667265743837,-1.2729986412921868,-0.371710581283207,-0.46718626114500794,-0.23573944689953075,1.5207907349939722,-0.9704367948586523,1.0,0.0,0.0,1.0,0.0,0.0,0
1.3812371355897388,-1.6584054355071993,-0.4775324931796224,-0.7429155826815407,-0.182123011117985,3.928079504671546,1.0304638130973318,1.0,0.0,0.0,1.0,0.0,1.0,0
-1.1873576270626143,-0.0011562203826450818,0.9306103428537705,-0.8681011885013866,0.13295092570884995,-0.7421172355302628,1.0304638130973318,0.0,1.0,0.0,1.0,0.0,2.0,0
0.8872766043104402,-0.8490511676556729,-0.9990833446690982,-0.09451834228131248,-0.32549009998457595,0.7126604464351871,1.0304638130973318,0.0,1.0,0.0,0.0,1.0,2.0,0
-0.5946049895274559,0.09519547817110807,0.2858970140730886,-0.38501314552992955,-0.18784485506112758,-0.5324391698867118,-0.9704367948586523,0.0,1.0,0.0,0.0,1.0,2.0,0
0.44271212615907135,1.4826599373451537,-1.7976386125933084,1.4869931445760756,-0.3852409477289412,-0.46351422639330425,-0.9704367948586523,1.0,0.0,0.0,0.0,1.0,0.0,0
-0.44641683014366623,1.3863082387914003,-0.44685303132730025,0.33271766117052104,-0.31199942521020296,-0.661281720603717,-0.9704367948586523,0.0,0.0,1.0,0.0,1.0,1.0,0
0.6896923917987207,-0.7141587896804185,-1.4352652588303734,-0.07108616478170027,-0.3570698618907785,0.4471910151614125,1.0304638130973318,0.0,0.0,1.0,0.0,1.0,0.0,0
1.0354647636942298,1.1357938225516422,-1.208948648934258,1.8914389479940397,-0.36934172348383265,-0.25720843106581803,-0.9704367948586523,0.0,1.0,0.0,1.0,0.0,2.0,0
1.0848608168221596,0.21081751643561186,0.9226070049792517,1.0382508960218584,-0.28321123819920774,0.03951267537090116,1.0304638130973318,0.0,1.0,0.0,1.0,0.0,1.0,0
0.29452396677528175,-1.6198647560856982,1.6807009536489501,-0.9201013632265534,0.3524172464508164,2.0539500673216975,-0.9704367948586523,0.0,1.0,0.0,1.0,0.0,0.0,0
-0.5946049895274559,-0.4829147131514109,-1.139586387355095,-0.6257546951834796,-0.2971401934836095,-0.37980811316623725,1.0304638130973318,0.0,1.0,0.0,1.0,0.0,0.0,0
1.6282174012293882,0.24935819585711314,0.5384467870023488,1.5280797023836148,-0.31289311689660926,0.21252660639873255,-0.9704367948586523,1.0,0.0,0.0,0.0,1.0,0.0,0
-1.7307142114698428,0.8274683871796321,-0.3343616712021192,-1.2465469045567674,0.9635434826269856,-0.9629832617685921,-0.9704367948586523,0.0,0.0,1.0,1.0,0.0,2.0,0
-0.24883261763194678,-0.6756181102589172,-0.539780676648102,-0.5262481879933456,-0.24305044776526855,-0.11107564848688631,1.0304638130973318,0.0,0.0,1.0,0.0,1.0,2.0,0
0.6402963386707908,0.09519547817110807,-1.0551067097907298,0.5779530530842707,-0.3497696287537187,-0.07403722953621986,-0.9704367948586523,0.0,1.0,0.0,0.0,1.0,2.0,0
-1.3849418395743336,0.6540353297828764,-1.2365157016131563,-0.9175334533635823,-0.2558897209490965,-0.8579137709146427,-0.9704367948586523,0.0,0.0,1.0,1.0,0.0,0.0,1
0.2451279136473519,0.32643955470011565,-0.47708786329770464,0.43158219089491223,-0.31771355293785997,-0.29068333052003453,-0.9704367948586523,0.0,0.0,1.0,1.0,0.0,0.0,0
-1.7307142114698428,0.19154717672486124,1.621120549471977,-1.2677321609262797,3.490766176501652,-0.9556346686473756,1.0304638130973318,0.0,0.0,1.0,1.0,0.0,0.0,1
0.39331607303114147,0.4613319326753701,1.5304160535607636,0.6598051799664777,-0.2365583821769144,-0.2784231989146348,1.0304638130973318,0.0,1.0,0.0,1.0,0.0,0.0,0
0.590900285542861,1.0201717842871385,0.11515913941668733,1.2943999048532355,-0.320561241182641,-0.3489256839983912,1.0304638130973318,1.0,0.0,0.0,0.0,1.0,2.0,0
0.09693975426356229,-0.5985367514159147,1.4912886239520051,-0.2964202552574231,-0.10252734970342203,0.030375940135052747,1.0304638130973318,0.0,0.0,1.0,1.0,0.0,1.0,0
0.9860687105662999,0.21081751643561186,-1.1996114214139861,0.9573617353382655,-0.36158183830154983,0.0045854284011348926,-0.9704367948586523,1.0,0.0,0.0,0.0,1.0,0.0,0
0.14633580739149216,-0.1360485983578995,-0.6945118755554657,0.03869198186031855,-0.3118842603396167,-0.1759797146983459,1.0304638130973318,0.0,0.0,1.0,1.0,0.0,1.0,0
0.7884844980545804,-0.2516706366224033,1.4623876816273538,0.38728574575865904,-0.2163311002269635,0.1522992897287066,1.0304638130973318,0.0,1.0,0.0,1.0,0.0,0.0,0
-0.5946049895274559,1.251415860816146,1.0955680290452416,0.09646995377717056,-0.20447903905528655,-0.6851549745565036,1.0304638130973318,0.0,0.0,1.0,1.0,0.0,2.0,0
1.0848608168221596,-1.6584054355071993,-1.2534116371260293,-0.7987676222011643,-0.2871120609208546,3.4740252940645844,-0.9704367948586523,0.0,0.0,1.0,0.0,1.0,1.0,0
0.44271212615907135,-1.5042427178211943,0.6327083219689037,-0.8016565207970069,0.021054755257611836,1.7396034823884865,-0.9704367948586523,0.0,0.0,1.0,1.0,0.0,2.0,0
-1.0885655208067544,0.6154946503613752,-0.6780605699245104,-0.6401991881626926,-0.23718824795128846,-0.7662833684176494,-0.9704367948586523,0.0,0.0,1.0,1.0,0.0,1.0,0
-0.4958128832715961,1.2706862005268966,0.03557039055341694,0.2206925933984024,-0.27919542247991724,-0.6625230601047819,1.0304638130973318,1.0,0.0,0.0,1.0,0.0,0.0,0
0.04754370113563242,0.4227912532538688,-1.42815118071969,0.323087999184379,-0.3638925449264493,-0.3804677257378383,1.0304638130973318,0.0,0.0,1.0,1.0,0.0,0.0,0
-0.29822867075987664,-0.29021131604390454,0.33747408037554316,-0.35291427224278954,-0.189669613698401,-0.3088525931067676,-0.9704367948586523,0.0,0.0,1.0,0.0,1.0,1.0,0
1.5294252949735283,0.731116688625879,-1.014645390536218,1.9915874326499166,-0.3647045944424904,-0.01274131495192682,-0.9704367948586523,0.0,0.0,1.0,0.0,1.0,1.0,0
-1.6813181583419128,-1.0802952441846805,1.2889820276794461,-1.291164338425892,4.568757979265063,-0.8790561903669621,1.0304638130973318,0.0,1.0,0.0,0.0,1.0,0.0,1
-1.4343378927022636,0.8660090666011333,1.3205507492956037,-0.9371137660687376,0.3049489585569706,-0.8808017387721813,1.0304638130973318,1.0,0.0,0.0,1.0,0.0,0.0,1
-0.24883261763194678,0.44206159296461944,-1.5553153269481554,0.06950690021597296,-0.3676452302863544,-0.4805644014305389,-0.9704367948586523,0.0,0.0,1.0,1.0,0.0,1.0,0
-0.39702077701573635,0.6925760092043777,-1.2818679495687628,0.057630317099731154,-0.35014091633664146,-0.5681890604564683,1.0304638130973318,1.0,0.0,0.0,0.0,1.0,0.0,0
0.34392001990321164,-0.7141587896804185,0.9590666552965041,-0.24634601292948471,-0.15853612850296195,0.24981405677336715,1.0304638130973318,1.0,0.0,0.0,0.0,1.0,1.0,0
